Workbook

Sheet JAN
A1: SOI BP's Completed TRACKER
A2: JANUARY 2026
A3: BC
A4: BP | B4: Assigned to | C4: Due | D4: Status | E4: Date Completed | F4: Score | H4: days Difference
A5: BC00 | B5: BEATRICE | C5: 46052.999 | D5: Done | E5: =IF(D5<>"",IF(E5="",NOW(),E5),"") -> 46051.11 | F5: =if(D5 = "", 0,IF(E5<C5,0.5,0)) -> 0.5 | H5: =if(D5 <> "", ABS(E5-C5), "0") -> 1.8894859
A6: BC01 | B6: BEATRICE | C6: 46052.999 | D6: Done | E6: =IF(D6<>"",IF(E6="",NOW(),E6),"") -> 46051.11 | F6: =if(D6 = "", 0,IF(E6<C6,0.5,0)) -> 0.5 | H6: =if(D6 <> "", ABS(E6-C6), "0") -> 1.8894495
A7: BC03 | B7: ARVIN | C7: 46024.999 | D7: Done | E7: =IF(D7<>"",IF(E7="",NOW(),E7),"") -> 46023.36 | F7: =if(D7 = "", 0,IF(E7<C7,0.5,0)) -> 0.5 | H7: =if(D7 <> "", ABS(E7-C7), "0") -> 1.6389588
A8: BC04 | B8: BRYLLE | C8: 46024.999 | D8: done | E8: =IF(D8<>"",IF(E8="",NOW(),E8),"") -> 46023.971 | F8: =if(D8 = "", 0,IF(E8<C8,0.5,0)) -> 0.5 | H8: =if(D8 <> "", ABS(E8-C8), "0") -> 1.0278874
A9: BC05 | B9: ROSHIEL | C9: 46027.999 | D9: done | E9: =IF(D9<>"",IF(E9="",NOW(),E9),"") -> 46027.103 | F9: =if(D9 = "", 0,IF(E9<C9,0.5,0)) -> 0.5 | H9: =if(D9 <> "", ABS(E9-C9), "0") -> 0.8960598
A10: BC07 | B10: ROSHIEL | C10: 46027.999 | D10: done | E10: =IF(D10<>"",IF(E10="",NOW(),E10),"") -> 46027.103 | F10: =if(D10 = "", 0,IF(E10<C10,0.5,0)) -> 0.5 | H10: =if(D10 <> "", ABS(E10-C10), "0") -> 0.8960452
A11: BC09 | B11: BEATRICE | C11: 46030.999 | D11: Done | E11: =IF(D11<>"",IF(E11="",NOW(),E11),"") -> 46028.988 | F11: =if(D11 = "", 0,IF(E11<C11,0.5,0)) -> 0.5 | H11: =if(D11 <> "", ABS(E11-C11), "0") -> 2.0110242
A12: BC10 | B12: BEATRICE | C12: 46030.999 | D12: Done | E12: =IF(D12<>"",IF(E12="",NOW(),E12),"") -> 46028.989 | F12: =if(D12 = "", 0,IF(E12<C12,0.5,0)) -> 0.5 | H12: =if(D12 <> "", ABS(E12-C12), "0") -> 2.0107146
A13: BC11 | B13: ROSHIEL | C13: 46031.999 | D13: done | E13: =IF(D13<>"",IF(E13="",NOW(),E13),"") -> 46031.411 | F13: =if(D13 = "", 0,IF(E13<C13,0.5,0)) -> 0.5 | H13: =if(D13 <> "", ABS(E13-C13), "0") -> 0.58781882
A14: BC13 | B14: GELO | C14: 46034.999 | D14: done | E14: =IF(D14<>"",IF(E14="",NOW(),E14),"") -> 46031.5 | F14: =if(D14 = "", 0,IF(E14<C14,0.5,0)) -> 0.5 | H14: =if(D14 <> "", ABS(E14-C14), "0") -> 3.4988272
A15: BC14 | B15: BRYLLE | C15: 46034.999 | D15: done | E15: =IF(D15<>"",IF(E15="",NOW(),E15),"") -> 46036.086 | F15: =if(D15 = "", 0,IF(E15<C15,0.5,0)) -> 0 | H15: =if(D15 <> "", ABS(E15-C15), "0") -> 1.0866272
A16: BC15 | B16: BRYLLE | C16: 46037.999 | D16: done | E16: =IF(D16<>"",IF(E16="",NOW(),E16),"") -> 46036.086 | F16: =if(D16 = "", 0,IF(E16<C16,0.5,0)) -> 0.5 | H16: =if(D16 <> "", ABS(E16-C16), "0") -> 1.9133492
... A25: BC28 | B25: SARAH | C25: 46048.999 | D25: done | E25: =IF(D25<>"",IF(E25="",NOW(),E25),"") -> 46048.201 | F25: =if(D25 = "", 0,IF(E25<C25,0.5,0)) -> 0.5 | H25: =if(D25 <> "", ABS(E25-C25), "0") -> 0.79843611
A26: AB
A27: BP | B27: Assigned to | C27: Due | D27: Status | E27: Date Completed | F27: Score | H27: days Difference
A28: AB00 | B28: BRYLLE | C28: 46052.999 | D28: done | E28: =IF(D28<>"",IF(E28="",NOW(),E28),"") -> 46051.373 | F28: =if(D28 = "", 0,IF(E28<C28,0.5,0)) -> 0.5 | H28: =if(D28 <> "", ABS(E28-C28), "0") -> 1.626267
A29: AB01 | B29: BRYLLE | C29: 46052.999 | D29: done | E29: =IF(D29<>"",IF(E29="",NOW(),E29),"") -> 46051.373 | F29: =if(D29 = "", 0,IF(E29<C29,0.5,0)) -> 0.5 | H29: =if(D29 <> "", ABS(E29-C29), "0") -> 1.6262448
A30: AB04 | B30: ROSHIEL | C30: 46024.999 | D30: done | E30: =IF(D30<>"",IF(E30="",NOW(),E30),"") -> 46023.164 | F30: =if(D30 = "", 0,IF(E30<C30,0.5,0)) -> 0.5 | H30: =if(D30 <> "", ABS(E30-C30), "0") -> 1.8357889
A31: AB07 | B31: BEATRICE | C31: 46027.999 | D31: Done | E31: =IF(D31<>"",IF(E31="",NOW(),E31),"") -> 46026.934 | F31: =if(D31 = "", 0,IF(E31<C31,0.5,0)) -> 0.5 | H31: =if(D31 <> "", ABS(E31-C31), "0") -> 1.0651087
A32: AB10 | B32: ROSHIEL | C32: 46030.999 | D32: done | E32: =IF(D32<>"",IF(E32="",NOW(),E32),"") -> 46029.149 | F32: =if(D32 = "", 0,IF(E32<C32,0.5,0)) -> 0.5 | H32: =if(D32 <> "", ABS(E32-C32), "0") -> 1.850188
A33: AB13 | B33: BRYLLE | C33: 46034.999 | D33: done | E33: =IF(D33<>"",IF(E33="",NOW(),E33),"") -> 46036.086 | F33: =if(D33 = "", 0,IF(E33<C33,0.5,0)) -> 0 | H33: =if(D33 <> "", ABS(E33-C33), "0") -> 1.0867474
A34: AB16 | B34: BEATRICE | C34: 46037.999 | D34: Done | E34: =IF(D34<>"",IF(E34="",NOW(),E34),"") -> 46036.126 | F34: =if(D34 = "", 0,IF(E34<C34,0.5,0)) -> 0.5 | H34: =if(D34 <> "", ABS(E34-C34), "0") -> 1.872809
A35: AB19 | B35: BRYLLE | C35: 46038.999 | D35: done | E35: =IF(D35<>"",IF(E35="",NOW(),E35),"") -> 46037.444 | F35: =if(D35 = "", 0,IF(E35<C35,0.5,0)) -> 0.5 | H35: =if(D35 <> "", ABS(E35-C35), "0") -> 1.5556272
A36: AB22 | B36: ART | C36: 46043.999 | D36: done | E36: =IF(D36<>"",IF(E36="",NOW(),E36),"") -> 46043.345 | F36: =if(D36 = "", 0,IF(E36<C36,0.5,0)) -> 0.5 | H36: =if(D36 <> "", ABS(E36-C36), "0") -> 0.65432417
A37: AB25 | B37: ART | C37: 46045.999 | D37: done | E37: =IF(D37<>"",IF(E37="",NOW(),E37),"") -> 46048.289 | F37: =if(D37 = "", 0,IF(E37<C37,0.5,0)) -> 0 | H37: =if(D37 <> "", ABS(E37-C37), "0") -> 2.2896434
A38: AB26 | B38: ART | C38: 46048.999 | D38: done | E38: =IF(D38<>"",IF(E38="",NOW(),E38),"") -> 46048.289 | F38: =if(D38 = "", 0,IF(E38<C38,0.5,0)) -> 0.5 | H38: =if(D38 <> "", ABS(E38-C38), "0") -> 0.71034587
A39: AB28 | B39: SARAH | C39: 46048.999 | E39: =IF(D39<>"",IF(E39="",NOW(),E39),"") | F39: =if(D39 = "", 0,IF(E39<C39,0.5,0)) -> 0 | H39: =if(D39 <> "", ABS(E39-C39), "0") -> 0
E1000: =IF(C1053<>"",IF(D1053="",NOW(),D1053),"")

Sheet FEB
A1: SOI BP's Completed TRACKER
A2: FEBRUARY 2026
A3: BC
A4: BP | B4: Assigned to | C4: Due | D4: Status | E4: Date Completed | F4: Score | H4: days Difference
A5: BC00 | B5: BEATRICE | C5: 46080.999 | D5: Done | E5: =IF(D5<>"",IF(E5="",NOW(),E5),"") -> 46082.955 | F5: =if(D5 = "", 0,IF(E5<C5,0.5,0)) -> 0 | H5: =if(D5 <> "", ABS(E5-C5), "0") -> 1.9557601
A6: BC01 | B6: BEATRICE | C6: 46080.999 | D6: Done | E6: =IF(D6<>"",IF(E6="",NOW(),E6),"") -> 46082.955 | F6: =if(D6 = "", 0,IF(E6<C6,0.5,0)) -> 0 | H6: =if(D6 <> "", ABS(E6-C6), "0") -> 1.9558045
A7: BC03 | B7: ARVIN | C7: 46055.999 | D7: Done | E7: =IF(D7<>"",IF(E7="",NOW(),E7),"") -> 46055.22 | F7: =if(D7 = "", 0,IF(E7<C7,0.5,0)) -> 0.5 | H7: =if(D7 <> "", ABS(E7-C7), "0") -> 0.77892097
A8: BC04 | B8: BRYLLE | C8: 46055.999 | D8: done | E8: =IF(D8<>"",IF(E8="",NOW(),E8),"") -> 46055.164 | F8: =if(D8 = "", 0,IF(E8<C8,0.5,0)) -> 0.5 | H8: =if(D8 <> "", ABS(E8-C8), "0") -> 0.83527176
A9: BC05 | B9: ROSHIEL | C9: 46058.999 | D9: done | E9: =IF(D9<>"",IF(E9="",NOW(),E9),"") -> 46058.321 | F9: =if(D9 = "", 0,IF(E9<C9,0.5,0)) -> 0.5 | H9: =if(D9 <> "", ABS(E9-C9), "0") -> 0.67820637
A10: BC07 | B10: ROSHIEL | C10: 46058.999 | D10: done | E10: =IF(D10<>"",IF(E10="",NOW(),E10),"") -> 46058.321 | F10: =if(D10 = "", 0,IF(E10<C10,0.5,0)) -> 0.5 | H10: =if(D10 <> "", ABS(E10-C10), "0") -> 0.67820186 | K10: 100
A11: BC09 | B11: BEATRICE | C11: 46059.999 | D11: Done | E11: =IF(D11<>"",IF(E11="",NOW(),E11),"") -> 46058.169 | F11: =if(D11 = "", 0,IF(E11<C11,0.5,0)) -> 0.5 | H11: =if(D11 <> "", ABS(E11-C11), "0") -> 1.8299248 | K11: 0
A12: BC10 | B12: BEATRICE | C12: 46059.999 | D12: Done | E12: =IF(D12<>"",IF(E12="",NOW(),E12),"") -> 46058.169 | F12: =if(D12 = "", 0,IF(E12<C12,0.5,0)) -> 0.5 | H12: =if(D12 <> "", ABS(E12-C12), "0") -> 1.8298252 | K12: 100
A13: BC11 | B13: ROSHIEL | C13: 46063.999 | D13: done | E13: =IF(D13<>"",IF(E13="",NOW(),E13),"") -> 46062.117 | F13: =if(D13 = "", 0,IF(E13<C13,0.5,0)) -> 0.5 | H13: =if(D13 <> "", ABS(E13-C13), "0") -> 1.88259 | K13: 0
A14: BC13 | B14: GELO | C14: 46065.999 | D14: done | E14: =IF(D14<>"",IF(E14="",NOW(),E14),"") -> 46064.48 | F14: =if(D14 = "", 0,IF(E14<C14,0.5,0)) -> 0.5 | H14: =if(D14 <> "", ABS(E14-C14), "0") -> 1.5196819
A15: BC14 | B15: BRYLLE | C15: 46065.999 | D15: done | E15: =IF(D15<>"",IF(E15="",NOW(),E15),"") -> 46065.115 | F15: =if(D15 = "", 0,IF(E15<C15,0.5,0)) -> 0.5 | H15: =if(D15 <> "", ABS(E15-C15), "0") -> 0.88382506
A16: BC15 | B16: BRYLLE | C16: 46066.999 | D16: done | E16: =IF(D16<>"",IF(E16="",NOW(),E16),"") -> 46065.116 | F16: =if(D16 = "", 0,IF(E16<C16,0.5,0)) -> 0.5 | H16: =if(D16 <> "", ABS(E16-C16), "0") -> 1.8836302
A17: BC17 | B17: GELO | C17: 46066.999 | D17: done | E17: =IF(D17<>"",IF(E17="",NOW(),E17),"") -> 46071.522 | F17: =if(D17 = "", 0,IF(E17<C17,0.5,0)) -> 0 | H17: =if(D17 <> "", ABS(E17-C17), "0") -> 4.5229832
A18: BC19 | B18: BEATRICE | C18: 46071.999 | D18: Done | E18: =IF(D18<>"",IF(E18="",NOW(),E18),"") -> 46070.93 | F18: =if(D18 = "", 0,IF(E18<C18,0.5,0)) -> 0.5 | H18: =if(D18 <> "", ABS(E18-C18), "0") -> 1.0692029
A19: BC20 | B19: SARAH | C19: 46071.999 | E19: =IF(D19<>"",IF(E19="",NOW(),E19),"") | F19: =if(D19 = "", 0,IF(E19<C19,0.5,0)) -> 0 | H19: =if(D19 <> "", ABS(E19-C19), "0") -> 0
A20: BC21 | B20: GELO | C20: 46073.999 | D20: done | E20: =IF(D20<>"",IF(E20="",NOW(),E20),"") -> 46071.522 | F20: =if(D20 = "", 0,IF(E20<C20,0.5,0)) -> 0.5 | H20: =if(D20 <> "", ABS(E20-C20), "0") -> 2.476897
A21: BC23 | B21: ARVIN | C21: 46073.999 | D21: Done | E21: =IF(D21<>"",IF(E21="",NOW(),E21),"") -> 46072.486 | F21: =if(D21 = "", 0,IF(E21<C21,0.5,0)) -> 0.5 | H21: =if(D21 <> "", ABS(E21-C21), "0") -> 1.5131209
A22: BC24 | B22: SARAH | C22: 46076.999 | D22: done | E22: =IF(D22<>"",IF(E22="",NOW(),E22),"") -> 46077.328 | F22: =if(D22 = "", 0,IF(E22<C22,0.5,0)) -> 0 | H22: =if(D22 <> "", ABS(E22-C22), "0") -> 0.3291326
A23: BC25 | B23: ARVIN | C23: 46076.999 | D23: Done | E23: =IF(D23<>"",IF(E23="",NOW(),E23),"") -> 46074.5 | F23: =if(D23 = "", 0,IF(E23<C23,0.5,0)) -> 0.5 | H23: =if(D23 <> "", ABS(E23-C23), "0") -> 2.4988975
A24: BC27 | B24: ROSHIEL | C24: 46079.999 | D24: done | E24: =IF(D24<>"",IF(E24="",NOW(),E24),"") -> 46078.238 | F24: =if(D24 = "", 0,IF(E24<C24,0.5,0)) -> 0.5 | H24: =if(D24 <> "", ABS(E24-C24), "0") -> 1.76171
A25: BC28 | B25: SARAH | C25: 46079.999 | D25: done | E25: =IF(D25<>"",IF(E25="",NOW(),E25),"") -> 46079.267 | F25: =if(D25 = "", 0,IF(E25<C25,0.5,0)) -> 0.5 | H25: =if(D25 <> "", ABS(E25-C25), "0") -> 0.73277311
A26: AB
A27: BP | B27: Assigned to | C27: Due | D27: Status | E27: Date Completed | F27: Score | H27: days Difference
A28: AB00 | B28: BRYLLE | C28: 46080.999 | D28: done | E28: =IF(D28<>"",IF(E28="",NOW(),E28),"") -> 46080.341 | F28: =if(D28 = "", 0,IF(E28<C28,0.5,0)) -> 0.5 | H28: =if(D28 <> "", ABS(E28-C28), "0") -> 0.65877582
A29: AB01 | B29: BRYLLE | C29: 46080.999 | D29: done | E29: =IF(D29<>"",IF(E29="",NOW(),E29),"") -> 46080.341 | F29: =if(D29 = "", 0,IF(E29<C29,0.5,0)) -> 0.5 | H29: =if(D29 <> "", ABS(E29-C29), "0") -> 0.65875505
A30: AB04 | B30: ROSHIEL | C30: 46055.999 | D30: done | E30: =IF(D30<>"",IF(E30="",NOW(),E30),"") -> 46055.125 | F30: =if(D30 = "", 0,IF(E30<C30,0.5,0)) -> 0.5 | H30: =if(D30 <> "", ABS(E30-C30), "0") -> 0.8746601
A31: AB07 | B31: BEATRICE | C31: 46058.999 | D31: Done | E31: =IF(D31<>"",IF(E31="",NOW(),E31),"") -> 46056.987 | F31: =if(D31 = "", 0,IF(E31<C31,0.5,0)) -> 0.5 | H31: =if(D31 <> "", ABS(E31-C31), "0") -> 2.0119394
A32: AB10 | B32: ROSHIEL | C32: 46059.999 | D32: done | E32: =IF(D32<>"",IF(E32="",NOW(),E32),"") -> 46058.321 | F32: =if(D32 = "", 0,IF(E32<C32,0.5,0)) -> 0.5 | H32: =if(D32 <> "", ABS(E32-C32), "0") -> 1.678102
A33: AB13 | B33: BRYLLE | C33: 46065.999 | D33: done | E33: =IF(D33<>"",IF(E33="",NOW(),E33),"") -> 46065.116 | F33: =if(D33 = "", 0,IF(E33<C33,0.5,0)) -> 0.5 | H33: =if(D33 <> "", ABS(E33-C33), "0") -> 0.8837867
A34: AB16 | B34: BEATRICE | C34: 46066.999 | D34: Done | E34: =IF(D34<>"",IF(E34="",NOW(),E34),"") -> 46064.97 | F34: =if(D34 = "", 0,IF(E34<C34,0.5,0)) -> 0.5 | H34: =if(D34 <> "", ABS(E34-C34), "0") -> 2.0289583
A35: AB19 | B35: BRYLLE | C35: 46071.999 | D35: done | E35: =IF(D35<>"",IF(E35="",NOW(),E35),"") -> 46077.018 | F35: =if(D35 = "", 0,IF(E35<C35,0.5,0)) -> 0 | H35: =if(D35 <> "", ABS(E35-C35), "0") -> 5.0184648
A36: AB22 | B36: ART | C36: 46073.999 | D36: done | E36: =IF(D36<>"",IF(E36="",NOW(),E36),"") -> 46073.438 | F36: =if(D36 = "", 0,IF(E36<C36,0.5,0)) -> 0.5 | H36: =if(D36 <> "", ABS(E36-C36), "0") -> 0.56146574
A37: AB25 | B37: ART | C37: 46076.999 | D37: done | E37: =IF(D37<>"",IF(E37="",NOW(),E37),"") -> 46077.232 | F37: =if(D37 = "", 0,IF(E37<C37,0.5,0)) -> 0 | H37: =if(D37 <> "", ABS(E37-C37), "0") -> 0.23263793
A38: AB26 | B38: ART | C38: 46079.999 | D38: Done | E38: =IF(D38<>"",IF(E38="",NOW(),E38),"") -> 46079.095 | F38: =if(D38 = "", 0,IF(E38<C38,0.5,0)) -> 0.5 | H38: =if(D38 <> "", ABS(E38-C38), "0") -> 0.90405958
A39: AB28 | B39: SARAH | C39: 46079.999 | E39: =IF(D39<>"",IF(E39="",NOW(),E39),"") | F39: =if(D39 = "", 0,IF(E39<C39,0.5,0)) -> 0 | H39: =if(D39 <> "", ABS(E39-C39), "0") -> 0

Sheet MAR
A1: SOI BP's Completed TRACKER
A2: MARCH 2026
A3: BC
A4: BP | B4: Assigned to | C4: Due | D4: Status | E4: Date Completed | F4: Score | H4: days Difference
A5: BC00 | B5: BEATRICE | C5: 46111.999 | D5: Done | E5: =IF(D5<>"",IF(E5="",NOW(),E5),"") -> 46110.872 | F5: =if(D5 = "", 0,IF(E5<C5,0.5,0)) -> 0.5 | H5: =if(D5 <> "", ABS(E5-C5), "0") -> 1.1275776
A6: BC01 | B6: BEATRICE | C6: 46111.999 | D6: Done | E6: =IF(D6<>"",IF(E6="",NOW(),E6),"") -> 46110.872 | F6: =if(D6 = "", 0,IF(E6<C6,0.5,0)) -> 0.5 | H6: =if(D6 <> "", ABS(E6-C6), "0") -> 1.1275359
A7: BC03 | B7: ARVIN | C7: 46083.999 | D7: Done | E7: =IF(D7<>"",IF(E7="",NOW(),E7),"") -> 46083.159 | F7: =if(D7 = "", 0,IF(E7<C7,0.5,0)) -> 0.5 | H7: =if(D7 <> "", ABS(E7-C7), "0") -> 0.84079998
A8: BC04 | B8: BRYLLE | C8: 46083.999 | D8: done | E8: =IF(D8<>"",IF(E8="",NOW(),E8),"") -> 46083.36 | F8: =if(D8 = "", 0,IF(E8<C8,0.5,0)) -> 0.5 | H8: =if(D8 <> "", ABS(E8-C8), "0") -> 0.63892887
A9: BC05 | B9: ROSHIEL | C9: 46086.999 | D9: done | E9: =IF(D9<>"",IF(E9="",NOW(),E9),"") -> 46085.313 | F9: =if(D9 = "", 0,IF(E9<C9,0.5,0)) -> 0.5 | H9: =if(D9 <> "", ABS(E9-C9), "0") -> 1.6860884
A10: BC07 | B10: ROSHIEL | C10: 46086.999 | D10: done | E10: =IF(D10<>"",IF(E10="",NOW(),E10),"") -> 46085.313 | F10: =if(D10 = "", 0,IF(E10<C10,0.5,0)) -> 0.5 | H10: =if(D10 <> "", ABS(E10-C10), "0") -> 1.6860763
A11: BC09 | B11: BEATRICE | C11: 46087.999 | D11: Done | E11: =IF(D11<>"",IF(E11="",NOW(),E11),"") -> 46086.195 | F11: =if(D11 = "", 0,IF(E11<C11,0.5,0)) -> 0.5 | H11: =if(D11 <> "", ABS(E11-C11), "0") -> 1.8038657
A12: BC10 | B12: BEATRICE | C12: 46087.999 | D12: Done | E12: =IF(D12<>"",IF(E12="",NOW(),E12),"") -> 46086.195 | F12: =if(D12 = "", 0,IF(E12<C12,0.5,0)) -> 0.5 | H12: =if(D12 <> "", ABS(E12-C12), "0") -> 1.8038202
A13: BC11 | B13: ROSHIEL | C13: 46091.999 | D13: done | E13: =IF(D13<>"",IF(E13="",NOW(),E13),"") -> 46092.397 | F13: =if(D13 = "", 0,IF(E13<C13,0.5,0)) -> 0 | H13: =if(D13 <> "", ABS(E13-C13), "0") -> 0.3977885
A14: BC13 | B14: GELO | C14: 46093.999 | D14: done | E14: =IF(D14<>"",IF(E14="",NOW(),E14),"") -> 46092.409 | F14: =if(D14 = "", 0,IF(E14<C14,0.5,0)) -> 0.5 | H14: =if(D14 <> "", ABS(E14-C14), "0") -> 1.5906685
A15: BC14 | B15: BRYLLE | C15: 46093.999 | D15: done | E15: =IF(D15<>"",IF(E15="",NOW(),E15),"") -> 46093.329 | F15: =if(D15 = "", 0,IF(E15<C15,0.5,0)) -> 0.5 | H15: =if(D15 <> "", ABS(E15-C15), "0") -> 0.67040242
A16: BC15 | B16: BRYLLE | C16: 46094.999 | D16: done | E16: =IF(D16<>"",IF(E16="",NOW(),E16),"") -> 46093.329 | F16: =if(D16 = "", 0,IF(E16<C16,0.5,0)) -> 0.5 | H16: =if(D16 <> "", ABS(E16-C16), "0") -> 1.6703709
... A25: BC28 | B25: SARAH | C25: 46107.999 | D25: done | E25: =IF(D25<>"",IF(E25="",NOW(),E25),"") -> 46107.37 | F25: =if(D25 = "", 0,IF(E25<C25,0.5,0)) -> 0.5 | H25: =if(D25 <> "", ABS(E25-C25), "0") -> 0.62939012
A26: AB
A27: BP | B27: Assigned to | C27: Due | D27: Status | E27: Date Completed | F27: Score | H27: days Difference
A28: AB00 | B28: BRYLLE | C28: 46111.999 | D28: done | E28: =IF(D28<>"",IF(E28="",NOW(),E28),"") -> 46111.091 | F28: =if(D28 = "", 0,IF(E28<C28,0.5,0)) -> 0.5 | H28: =if(D28 <> "", ABS(E28-C28), "0") -> 0.90787799
A29: AB01 | B29: BRYLLE | C29: 46111.999 | D29: done | E29: =IF(D29<>"",IF(E29="",NOW(),E29),"") -> 46111.091 | F29: =if(D29 = "", 0,IF(E29<C29,0.5,0)) -> 0.5 | H29: =if(D29 <> "", ABS(E29-C29), "0") -> 0.90785094
A30: AB04 | B30: ROSHIEL | C30: 46083.999 | D30: done | E30: =IF(D30<>"",IF(E30="",NOW(),E30),"") -> 46083.159 | F30: =if(D30 = "", 0,IF(E30<C30,0.5,0)) -> 0.5 | H30: =if(D30 <> "", ABS(E30-C30), "0") -> 0.84079998
A31: AB07 | B31: BEATRICE | C31: 46086.999 | D31: Done | E31: =IF(D31<>"",IF(E31="",NOW(),E31),"") -> 46085.039 | F31: =if(D31 = "", 0,IF(E31<C31,0.5,0)) -> 0.5 | H31: =if(D31 <> "", ABS(E31-C31), "0") -> 1.9606141 | J31: 100
A32: AB10 | B32: ROSHIEL | C32: 46087.999 | D32: done | E32: =IF(D32<>"",IF(E32="",NOW(),E32),"") -> 46086.179 | F32: =if(D32 = "", 0,IF(E32<C32,0.5,0)) -> 0.5 | H32: =if(D32 <> "", ABS(E32-C32), "0") -> 1.8204261 | J32: 100
A33: AB13 | B33: BRYLLE | C33: 46093.999 | D33: done | E33: =IF(D33<>"",IF(E33="",NOW(),E33),"") -> 46093.329 | F33: =if(D33 = "", 0,IF(E33<C33,0.5,0)) -> 0.5 | H33: =if(D33 <> "", ABS(E33-C33), "0") -> 0.67073362 | J33: 100
A34: AB16 | B34: BEATRICE | C34: 46094.999 | D34: Done | E34: =IF(D34<>"",IF(E34="",NOW(),E34),"") -> 46093.265 | F34: =if(D34 = "", 0,IF(E34<C34,0.5,0)) -> 0.5 | H34: =if(D34 <> "", ABS(E34-C34), "0") -> 1.7346759 | J34: 0
A35: AB19 | B35: BRYLLE | C35: 46099.999 | D35: done | E35: =IF(D35<>"",IF(E35="",NOW(),E35),"") -> 46098.343 | F35: =if(D35 = "", 0,IF(E35<C35,0.5,0)) -> 0.5 | H35: =if(D35 <> "", ABS(E35-C35), "0") -> 1.6564079
A36: AB22 | B36: ART | C36: 46101.999 | D36: done | E36: =IF(D36<>"",IF(E36="",NOW(),E36),"") -> 46101.405 | F36: =if(D36 = "", 0,IF(E36<C36,0.5,0)) -> 0.5 | H36: =if(D36 <> "", ABS(E36-C36), "0") -> 0.59388855
A37: AB25 | B37: ART | C37: 46104.999 | D37: done | E37: =IF(D37<>"",IF(E37="",NOW(),E37),"") -> 46104.382 | F37: =if(D37 = "", 0,IF(E37<C37,0.5,0)) -> 0.5 | H37: =if(D37 <> "", ABS(E37-C37), "0") -> 0.6176528
A38: AB26 | B38: ART | C38: 46107.999 | D38: done | E38: =IF(D38<>"",IF(E38="",NOW(),E38),"") -> 46108.096 | F38: =if(D38 = "", 0,IF(E38<C38,0.5,0)) -> 0 | H38: =if(D38 <> "", ABS(E38-C38), "0") -> 0.096734317
A39: AB28 | B39: SARAH | C39: 46107.999 | E39: =IF(D39<>"",IF(E39="",NOW(),E39),"") | F39: =if(D39 = "", 0,IF(E39<C39,0.5,0)) -> 0 | H39: =if(D39 <> "", ABS(E39-C39), "0") -> 0

Sheet APR
A1: SOI BP's Completed TRACKER
A2: APRIL 2026
A3: BC
A4: BP | B4: Assigned to | C4: Due | D4: Status | E4: Date Completed | F4: Score | H4: days Difference
A5: BC00 | B5: BEATRICE | C5: 46141.999 | D5: Done | E5: =IF(D5<>"",IF(E5="",NOW(),E5),"") -> 46139.987 | F5: =if(D5 = "", 0,IF(E5<C5,0.5,0)) -> 0.5 | H5: =if(D5 <> "", ABS(E5-C5), "0") -> 2.0123489
A6: BC01 | B6: BEATRICE | C6: 46141.999 | D6: Done | E6: =IF(D6<>"",IF(E6="",NOW(),E6),"") -> 46139.987 | F6: =if(D6 = "", 0,IF(E6<C6,0.5,0)) -> 0.5 | H6: =if(D6 <> "", ABS(E6-C6), "0") -> 2.0123083
A7: BC03 | B7: ARVIN | C7: 46114.999 | D7: Done | E7: =IF(D7<>"",IF(E7="",NOW(),E7),"") -> 46114.375 | F7: =if(D7 = "", 0,IF(E7<C7,0.5,0)) -> 0.5 | H7: =if(D7 <> "", ABS(E7-C7), "0") -> 0.6246519
A8: BC04 | B8: BRYLLE | C8: 46114.999 | D8: done | E8: =IF(D8<>"",IF(E8="",NOW(),E8),"") -> 46114.119 | F8: =if(D8 = "", 0,IF(E8<C8,0.5,0)) -> 0.5 | H8: =if(D8 <> "", ABS(E8-C8), "0") -> 0.88064446
A9: BC05 | B9: ROSHIEL | C9: 46114.999 | D9: done | E9: =IF(D9<>"",IF(E9="",NOW(),E9),"") -> 46113.36 | F9: =if(D9 = "", 0,IF(E9<C9,0.5,0)) -> 0.5 | H9: =if(D9 <> "", ABS(E9-C9), "0") -> 1.6393471
A10: BC07 | B10: ROSHIEL | C10: 46114.999 | D10: done | E10: =IF(D10<>"",IF(E10="",NOW(),E10),"") -> 46113.36 | F10: =if(D10 = "", 0,IF(E10<C10,0.5,0)) -> 0.5 | H10: =if(D10 <> "", ABS(E10-C10), "0") -> 1.6393354
A11: BC09 | B11: BEATRICE | C11: 46120.999 | D11: Done | E11: =IF(D11<>"",IF(E11="",NOW(),E11),"") -> 46119.949 | F11: =if(D11 = "", 0,IF(E11<C11,0.5,0)) -> 0.5 | H11: =if(D11 <> "", ABS(E11-C11), "0") -> 1.0506526
A12: BC10 | B12: BEATRICE | C12: 46120.999 | D12: Done | E12: =IF(D12<>"",IF(E12="",NOW(),E12),"") -> 46119.949 | F12: =if(D12 = "", 0,IF(E12<C12,0.5,0)) -> 0.5 | H12: =if(D12 <> "", ABS(E12-C12), "0") -> 1.0505945
A13: BC11 | B13: ROSHIEL | C13: 46122.999 | D13: DONE | E13: =IF(D13<>"",IF(E13="",NOW(),E13),"") -> 46121.546 | F13: =if(D13 = "", 0,IF(E13<C13,0.5,0)) -> 0.5 | H13: =if(D13 <> "", ABS(E13-C13), "0") -> 1.4530156
A14: BC13 | B14: GELO | C14: 46122.999 | D14: done | E14: =IF(D14<>"",IF(E14="",NOW(),E14),"") -> 46122.257 | F14: =if(D14 = "", 0,IF(E14<C14,0.5,0)) -> 0.5 | H14: =if(D14 <> "", ABS(E14-C14), "0") -> 0.74259925
A15: BC14 | B15: BRYLLE | C15: 46122.999 | D15: done | E15: =IF(D15<>"",IF(E15="",NOW(),E15),"") -> 46121.192 | F15: =if(D15 = "", 0,IF(E15<C15,0.5,0)) -> 0.5 | H15: =if(D15 <> "", ABS(E15-C15), "0") -> 1.8074719
A16: BC15 | B16: BRYLLE | C16: 46127.999 | D16: done | E16: =IF(D16<>"",IF(E16="",NOW(),E16),"") -> 46126.04 | F16: =if(D16 = "", 0,IF(E16<C16,0.5,0)) -> 0.5 | H16: =if(D16 <> "", ABS(E16-C16), "0") -> 1.9588679
... A25: BC28 | B25: SARAH | C25: 46136.999 | D25: done | E25: =IF(D25<>"",IF(E25="",NOW(),E25),"") -> 46135.413 | F25: =if(D25 = "", 0,IF(E25<C25,0.5,0)) -> 0.5 | H25: =if(D25 <> "", ABS(E25-C25), "0") -> 1.5859081
A26: AB
A27: BP | B27: Assigned to | C27: Due | D27: Status | E27: Date Completed | F27: Score | H27: days Difference
A28: AB00 | B28: BRYLLE | C28: 46141.999 | D28: done | E28: =IF(D28<>"",IF(E28="",NOW(),E28),"") -> 46141.074 | F28: =if(D28 = "", 0,IF(E28<C28,0.5,0)) -> 0.5 | H28: =if(D28 <> "", ABS(E28-C28), "0") -> 0.92566611
A29: AB01 | B29: BRYLLE | C29: 46141.999 | D29: done | E29: =IF(D29<>"",IF(E29="",NOW(),E29),"") -> 46141.074 | F29: =if(D29 = "", 0,IF(E29<C29,0.5,0)) -> 0.5 | H29: =if(D29 <> "", ABS(E29-C29), "0") -> 0.92563716
A30: AB04 | B30: ROSHIEL | C30: 46114.999 | D30: done | E30: =IF(D30<>"",IF(E30="",NOW(),E30),"") -> 46113.36 | F30: =if(D30 = "", 0,IF(E30<C30,0.5,0)) -> 0.5 | H30: =if(D30 <> "", ABS(E30-C30), "0") -> 1.6392423
A31: AB07 | B31: BEATRICE | C31: 46114.999 | D31: Done | E31: =IF(D31<>"",IF(E31="",NOW(),E31),"") -> 46117.933 | F31: =if(D31 = "", 0,IF(E31<C31,0.5,0)) -> 0 | H31: =if(D31 <> "", ABS(E31-C31), "0") -> 2.9336725
A32: AB10 | B32: ROSHIEL | C32: 46120.999 | D32: done | E32: =IF(D32<>"",IF(E32="",NOW(),E32),"") -> 46119.252 | F32: =if(D32 = "", 0,IF(E32<C32,0.5,0)) -> 0.5 | H32: =if(D32 <> "", ABS(E32-C32), "0") -> 1.7472082
A33: AB13 | B33: BRYLLE | C33: 46122.999 | D33: done | E33: =IF(D33<>"",IF(E33="",NOW(),E33),"") -> 46121.192 | F33: =if(D33 = "", 0,IF(E33<C33,0.5,0)) -> 0.5 | H33: =if(D33 <> "", ABS(E33-C33), "0") -> 1.8077272
A34: AB16 | B34: BEATRICE | C34: 46127.999 | D34: Done | E34: =IF(D34<>"",IF(E34="",NOW(),E34),"") -> 46126.238 | F34: =if(D34 = "", 0,IF(E34<C34,0.5,0)) -> 0.5 | H34: =if(D34 <> "", ABS(E34-C34), "0") -> 1.761303
A35: AB19 | B35: BRYLLE | C35: 46129.999 | D35: done | E35: =IF(D35<>"",IF(E35="",NOW(),E35),"") -> 46129.171 | F35: =if(D35 = "", 0,IF(E35<C35,0.5,0)) -> 0.5 | H35: =if(D35 <> "", ABS(E35-C35), "0") -> 0.82795302
A36: AB22 | B36: ART | C36: 46133.999 | D36: done | E36: =IF(D36<>"",IF(E36="",NOW(),E36),"") -> 46133.454 | F36: =if(D36 = "", 0,IF(E36<C36,0.5,0)) -> 0.5 | H36: =if(D36 <> "", ABS(E36-C36), "0") -> 0.54515378
A37: AB25 | B37: ART | C37: 46135.999 | D37: done | E37: =IF(D37<>"",IF(E37="",NOW(),E37),"") -> 46135.561 | F37: =if(D37 = "", 0,IF(E37<C37,0.5,0)) -> 0.5 | H37: =if(D37 <> "", ABS(E37-C37), "0") -> 0.43840341
A38: AB26 | B38: ART | C38: 46136.999 | D38: done | E38: =IF(D38<>"",IF(E38="",NOW(),E38),"") -> 46136.335 | F38: =if(D38 = "", 0,IF(E38<C38,0.5,0)) -> 0.5 | H38: =if(D38 <> "", ABS(E38-C38), "0") -> 0.6643942
A39: AB28 | B39: SARAH | C39: 46136.999 | E39: =IF(D39<>"",IF(E39="",NOW(),E39),"") | F39: =if(D39 = "", 0,IF(E39<C39,0.5,0)) -> 0 | H39: =if(D39 <> "", ABS(E39-C39), "0") -> 0

Sheet MAY
A1: SOI BP's Completed TRACKER
A2: MAY 2026
A3: BC
A4: BP | B4: Assigned to | C4: Due | D4: Status | E4: Date Completed | F4: Score | H4: days Difference
A5: BC00 | B5: BEATRICE | C5: 46171.999 | D5: Done | E5: =IF(D5<>"",IF(E5="",NOW(),E5),"") -> 46170.327 | F5: =if(D5 = "", 0,IF(E5<C5,0.5,0)) -> 0.5 | H5: =if(D5 <> "", ABS(E5-C5), "0") -> 1.6719021
A6: BC01 | B6: BEATRICE | C6: 46171.999 | D6: Done | E6: =IF(D6<>"",IF(E6="",NOW(),E6),"") -> 46170.327 | F6: =if(D6 = "", 0,IF(E6<C6,0.5,0)) -> 0.5 | H6: =if(D6 <> "", ABS(E6-C6), "0") -> 1.671875
A7: BC03 | B7: ARVIN | C7: 46143.999 | D7: Done | E7: =IF(D7<>"",IF(E7="",NOW(),E7),"") -> 46143.208 | F7: =if(D7 = "", 0,IF(E7<C7,0.5,0)) -> 0.5 | H7: =if(D7 <> "", ABS(E7-C7), "0") -> 0.7908291
A8: BC04 | B8: BRYLLE | C8: 46143.999 | D8: done | E8: =IF(D8<>"",IF(E8="",NOW(),E8),"") -> 46144.245 | F8: =if(D8 = "", 0,IF(E8<C8,0.5,0)) -> 0 | H8: =if(D8 <> "", ABS(E8-C8), "0") -> 0.24574257
A9: BC05 | B9: ROSHIEL | C9: 46147.999 | D9: done | E9: =IF(D9<>"",IF(E9="",NOW(),E9),"") -> 46146.012 | F9: =if(D9 = "", 0,IF(E9<C9,0.5,0)) -> 0.5 | H9: =if(D9 <> "", ABS(E9-C9), "0") -> 1.9870575
A10: BC07 | B10: ROSHIEL | C10: 46147.999 | D10: done | E10: =IF(D10<>"",IF(E10="",NOW(),E10),"") -> 46146.012 | F10: =if(D10 = "", 0,IF(E10<C10,0.5,0)) -> 0.5 | H10: =if(D10 <> "", ABS(E10-C10), "0") -> 1.9870531
A11: BC09 | B11: BEATRICE | C11: 46150.999 | D11: Done | E11: =IF(D11<>"",IF(E11="",NOW(),E11),"") -> 46149.309 | F11: =if(D11 = "", 0,IF(E11<C11,0.5,0)) -> 0.5 | H11: =if(D11 <> "", ABS(E11-C11), "0") -> 1.6902815
A12: BC10 | B12: BEATRICE | C12: 46150.999 | D12: Done | E12: =IF(D12<>"",IF(E12="",NOW(),E12),"") -> 46149.309 | F12: =if(D12 = "", 0,IF(E12<C12,0.5,0)) -> 0.5 | H12: =if(D12 <> "", ABS(E12-C12), "0") -> 1.6902076
A13: BC11 | B13: ROSHIEL | C13: 46150.999 | D13: done | E13: =IF(D13<>"",IF(E13="",NOW(),E13),"") -> 46149.168 | F13: =if(D13 = "", 0,IF(E13<C13,0.5,0)) -> 0.5 | H13: =if(D13 <> "", ABS(E13-C13), "0") -> 1.8313053
A14: BC13 | B14: GELO | C14: 46154.999 | D14: done | E14: =IF(D14<>"",IF(E14="",NOW(),E14),"") -> 46156.117 | F14: =if(D14 = "", 0,IF(E14<C14,0.5,0)) -> 0 | H14: =if(D14 <> "", ABS(E14-C14), "0") -> 1.1175662
A15: BC14 | B15: BRYLLE | C15: 46154.999 | D15: done | E15: =IF(D15<>"",IF(E15="",NOW(),E15),"") -> 46155.037 | F15: =if(D15 = "", 0,IF(E15<C15,0.5,0)) -> 0 | H15: =if(D15 <> "", ABS(E15-C15), "0") -> 0.038060637
A16: BC15 | B16: BRYLLE | C16: 46157.999 | D16: done | E16: =IF(D16<>"",IF(E16="",NOW(),E16),"") -> 46156.437 | F16: =if(D16 = "", 0,IF(E16<C16,0.5,0)) -> 0.5 | H16: =if(D16 <> "", ABS(E16-C16), "0") -> 1.5627542
A17: BC17 | B17: GELO | C17: 46157.999 | D17: done | E17: =IF(D17<>"",IF(E17="",NOW(),E17),"") -> 46156.117 | F17: =if(D17 = "", 0,IF(E17<C17,0.5,0)) -> 0.5 | H17: =if(D17 <> "", ABS(E17-C17), "0") -> 1.8823728 | K17: 1
A18: BC19 | B18: BEATRICE | C18: 46157.999 | D18: Done | E18: =IF(D18<>"",IF(E18="",NOW(),E18),"") -> 46157.302 | F18: =if(D18 = "", 0,IF(E18<C18,0.5,0)) -> 0.5 | H18: =if(D18 <> "", ABS(E18-C18), "0") -> 0.69721527 | K18: 1
A19: BC20 | B19: SARAH | C19: 46157.999 | D19: done | E19: =IF(D19<>"",IF(E19="",NOW(),E19),"") -> 46156.302 | F19: =if(D19 = "", 0,IF(E19<C19,0.5,0)) -> 0.5 | H19: =if(D19 <> "", ABS(E19-C19), "0") -> 1.6972961 | K19: 0
A20: BC21 | B20: GELO | C20: 46163.999 | D20: done | E20: =IF(D20<>"",IF(E20="",NOW(),E20),"") -> 46161.261 | F20: =if(D20 = "", 0,IF(E20<C20,0.5,0)) -> 0.5 | H20: =if(D20 <> "", ABS(E20-C20), "0") -> 2.7385426 | K20: 0
A21: BC23 | B21: ARVIN | C21: 46163.999 | D21: Done | E21: =IF(D21<>"",IF(E21="",NOW(),E21),"") -> 46162.333 | F21: =if(D21 = "", 0,IF(E21<C21,0.5,0)) -> 0.5 | H21: =if(D21 <> "", ABS(E21-C21), "0") -> 1.6664269
A22: BC24 | B22: SARAH | C22: 46164.999 | D22: done | E22: =IF(D22<>"",IF(E22="",NOW(),E22),"") -> 46164.306 | F22: =if(D22 = "", 0,IF(E22<C22,0.5,0)) -> 0.5 | H22: =if(D22 <> "", ABS(E22-C22), "0") -> 0.69297655
A23: BC25 | B23: ARVIN | C23: 46164.999 | D23: Done | E23: =IF(D23<>"",IF(E23="",NOW(),E23),"") -> 46164.322 | F23: =if(D23 = "", 0,IF(E23<C23,0.5,0)) -> 0.5 | H23: =if(D23 <> "", ABS(E23-C23), "0") -> 0.67709356
A24: BC27 | B24: ROSHIEL | C24: 46168.999 | D24: done | E24: =IF(D24<>"",IF(E24="",NOW(),E24),"") -> 46167.295 | F24: =if(D24 = "", 0,IF(E24<C24,0.5,0)) -> 0.5 | H24: =if(D24 <> "", ABS(E24-C24), "0") -> 1.7039546
A25: BC28 | B25: SARAH | C25: 46168.999 | D25: done | E25: =IF(D25<>"",IF(E25="",NOW(),E25),"") -> 46169.292 | F25: =if(D25 = "", 0,IF(E25<C25,0.5,0)) -> 0 | H25: =if(D25 <> "", ABS(E25-C25), "0") -> 0.29237135
A26: AB
A27: BP | B27: Assigned to | C27: Due | D27: Status | E27: Date Completed | F27: Score | H27: days Difference
A28: AB00 | B28: BRYLLE | C28: 46171.999 | D28: done | E28: =IF(D28<>"",IF(E28="",NOW(),E28),"") -> 46171.341 | F28: =if(D28 = "", 0,IF(E28<C28,0.5,0)) -> 0.5 | H28: =if(D28 <> "", ABS(E28-C28), "0") -> 0.65797917
A29: AB01 | B29: BRYLLE | C29: 46171.999 | D29: done | E29: =IF(D29<>"",IF(E29="",NOW(),E29),"") -> 46171.341 | F29: =if(D29 = "", 0,IF(E29<C29,0.5,0)) -> 0.5 | H29: =if(D29 <> "", ABS(E29-C29), "0") -> 0.6579499
A30: AB04 | B30: ROSHIEL | C30: 46143.999 | D30: done | E30: =IF(D30<>"",IF(E30="",NOW(),E30),"") -> 46142.408 | F30: =if(D30 = "", 0,IF(E30<C30,0.5,0)) -> 0.5 | H30: =if(D30 <> "", ABS(E30-C30), "0") -> 1.5914791
A31: AB07 | B31: BEATRICE | C31: 46147.999 | D31: Done | E31: =IF(D31<>"",IF(E31="",NOW(),E31),"") -> 46146.167 | F31: =if(D31 = "", 0,IF(E31<C31,0.5,0)) -> 0.5 | H31: =if(D31 <> "", ABS(E31-C31), "0") -> 1.8318885
A32: AB10 | B32: ROSHIEL | C32: 46150.999 | D32: Done | E32: =IF(D32<>"",IF(E32="",NOW(),E32),"") -> 46149.168 | F32: =if(D32 = "", 0,IF(E32<C32,0.5,0)) -> 0.5 | H32: =if(D32 <> "", ABS(E32-C32), "0") -> 1.8310606
A33: AB13 | B33: BRYLLE | C33: 46154.999 | D33: done | E33: =IF(D33<>"",IF(E33="",NOW(),E33),"") -> 46155.037 | F33: =if(D33 = "", 0,IF(E33<C33,0.5,0)) -> 0 | H33: =if(D33 <> "", ABS(E33-C33), "0") -> 0.037988079
A34: AB16 | B34: BEATRICE | C34: 46157.999 | D34: Done | E34: =IF(D34<>"",IF(E34="",NOW(),E34),"") -> 46157.302 | F34: =if(D34 = "", 0,IF(E34<C34,0.5,0)) -> 0.5 | H34: =if(D34 <> "", ABS(E34-C34), "0") -> 0.69715391
A35: AB19 | B35: BRYLLE | C35: 46157.999 | D35: done | E35: =IF(D35<>"",IF(E35="",NOW(),E35),"") -> 46156.437 | F35: =if(D35 = "", 0,IF(E35<C35,0.5,0)) -> 0.5 | H35: =if(D35 <> "", ABS(E35-C35), "0") -> 1.562633
A36: AB22 | B36: ART | C36: 46163.999 | D36: done | E36: =IF(D36<>"",IF(E36="",NOW(),E36),"") -> 46164.197 | F36: =if(D36 = "", 0,IF(E36<C36,0.5,0)) -> 0 | H36: =if(D36 <> "", ABS(E36-C36), "0") -> 0.19806459
A37: AB25 | B37: ART | C37: 46164.999 | D37: done | E37: =IF(D37<>"",IF(E37="",NOW(),E37),"") -> 46164.197 | F37: =if(D37 = "", 0,IF(E37<C37,0.5,0)) -> 0.5 | H37: =if(D37 <> "", ABS(E37-C37), "0") -> 0.80192825
A38: AB26 | B38: ART | C38: 46168.999 | D38: done | E38: =IF(D38<>"",IF(E38="",NOW(),E38),"") -> 46168.548 | F38: =if(D38 = "", 0,IF(E38<C38,0.5,0)) -> 0.5 | H38: =if(D38 <> "", ABS(E38-C38), "0") -> 0.45088698
A39: AB28 | B39: SARAH | C39: 46168.999 | E39: =IF(D39<>"",IF(E39="",NOW(),E39),"") | F39: =if(D39 = "", 0,IF(E39<C39,0.5,0)) -> 0 | H39: =if(D39 <> "", ABS(E39-C39), "0") -> 0

Sheet JUN
A1: SOI BP's Completed TRACKER
A2: 46174
A3: BC
A4: BP | B4: Assigned to | C4: Due | D4: Status | E4: Date Completed | F4: Score | H4: days Difference
A5: BC00 | B5: BEATRICE | C5: 46202.999 | D5: done | E5: =IF(D5<>"",IF(E5="",NOW(),E5),"") -> 46201.961 | F5: =if(D5 = "", 0,IF(E5<C5,0.5,0)) -> 0.5 | H5: =if(D5 <> "", ABS(E5-C5), "0") -> 1.0386917
A6: BC01 | B6: BEATRICE | C6: 46202.999 | D6: done | E6: =IF(D6<>"",IF(E6="",NOW(),E6),"") -> 46201.961 | F6: =if(D6 = "", 0,IF(E6<C6,0.5,0)) -> 0.5 | H6: =if(D6 <> "", ABS(E6-C6), "0") -> 1.0387581
A7: BC03 | B7: ARVIN | C7: 46175.999 | D7: Done | E7: =IF(D7<>"",IF(E7="",NOW(),E7),"") -> 46174.334 | F7: =if(D7 = "", 0,IF(E7<C7,0.5,0)) -> 0.5 | H7: =if(D7 <> "", ABS(E7-C7), "0") -> 1.6653608
A8: BC04 | B8: BRYLLE | C8: 46175.999 | D8: done | E8: =IF(D8<>"",IF(E8="",NOW(),E8),"") -> 46174.103 | F8: =if(D8 = "", 0,IF(E8<C8,0.5,0)) -> 0.5 | H8: =if(D8 <> "", ABS(E8-C8), "0") -> 1.8960696
A9: BC05 | B9: ROSHIEL | C9: 46178.999 | D9: done | E9: =IF(D9<>"",IF(E9="",NOW(),E9),"") -> 46178.396 | F9: =if(D9 = "", 0,IF(E9<C9,0.5,0)) -> 0.5 | H9: =if(D9 <> "", ABS(E9-C9), "0") -> 0.60298583
A10: BC07 | B10: ROSHIEL | C10: 46178.999 | D10: done | E10: =IF(D10<>"",IF(E10="",NOW(),E10),"") -> 46178.396 | F10: =if(D10 = "", 0,IF(E10<C10,0.5,0)) -> 0.5 | H10: =if(D10 <> "", ABS(E10-C10), "0") -> 0.60291557
A11: BC09 | B11: BEATRICE | C11: 46181.999 | D11: Done | E11: =IF(D11<>"",IF(E11="",NOW(),E11),"") -> 46181.311 | F11: =if(D11 = "", 0,IF(E11<C11,0.5,0)) -> 0.5 | H11: =if(D11 <> "", ABS(E11-C11), "0") -> 0.68820426 | K11: 1
A12: BC10 | B12: BEATRICE | C12: 46181.999 | D12: Done | E12: =IF(D12<>"",IF(E12="",NOW(),E12),"") -> 46181.311 | F12: =if(D12 = "", 0,IF(E12<C12,0.5,0)) -> 0.5 | H12: =if(D12 <> "", ABS(E12-C12), "0") -> 0.68814368 | K12: 1
A13: BC11 | B13: ROSHIEL | C13: 46183.999 | D13: done | E13: =IF(D13<>"",IF(E13="",NOW(),E13),"") -> 46182.298 | F13: =if(D13 = "", 0,IF(E13<C13,0.5,0)) -> 0.5 | H13: =if(D13 <> "", ABS(E13-C13), "0") -> 1.7014092 | K13: 1
A14: BC13 | B14: GELO | C14: 46185.999 | D14: done | E14: 46184.121 | F14: =if(D14 = "", 0,IF(E14<C14,0.5,0)) -> 0.5 | H14: =if(D14 <> "", ABS(E14-C14), "0") -> 1.8786921 | K14: 0
A15: BC14 | B15: BRYLLE | C15: 46185.999 | D15: done | E15: =IF(D15<>"",IF(E15="",NOW(),E15),"") -> 46184.093 | F15: =if(D15 = "", 0,IF(E15<C15,0.5,0)) -> 0.5 | H15: =if(D15 <> "", ABS(E15-C15), "0") -> 1.9059572
A16: BC15 | B16: BRYLLE | C16: 46188.999 | D16: done | E16: =IF(D16<>"",IF(E16="",NOW(),E16),"") -> 46189.18 | F16: =if(D16 = "", 0,IF(E16<C16,0.5,0)) -> 0 | H16: =if(D16 <> "", ABS(E16-C16), "0") -> 0.18079882
A17: BC17 | B17: GELO | C17: 46188.999 | D17: done | E17: =IF(D17<>"",IF(E17="",NOW(),E17),"") -> 46188.46 | F17: =if(D17 = "", 0,IF(E17<C17,0.5,0)) -> 0.5 | H17: =if(D17 <> "", ABS(E17-C17), "0") -> 0.53890676
A18: BC19 | B18: BEATRICE | C18: 46191.999 | D18: Done | E18: =IF(D18<>"",IF(E18="",NOW(),E18),"") -> 46192.13 | F18: =if(D18 = "", 0,IF(E18<C18,0.5,0)) -> 0 | H18: =if(D18 <> "", ABS(E18-C18), "0") -> 0.13101786
A19: BC20 | B19: SARAH | C19: 46191.999 | D19: done | E19: =IF(D19<>"",IF(E19="",NOW(),E19),"") -> 46191.365 | F19: =if(D19 = "", 0,IF(E19<C19,0.5,0)) -> 0.5 | H19: =if(D19 <> "", ABS(E19-C19), "0") -> 0.63445347
A20: BC21 | B20: GELO | C20: 46192.999 | D20: done | E20: =IF(D20<>"",IF(E20="",NOW(),E20),"") -> 46192.103 | F20: =if(D20 = "", 0,IF(E20<C20,0.5,0)) -> 0.5 | H20: =if(D20 <> "", ABS(E20-C20), "0") -> 0.89656403
A21: BC23 | B21: ARVIN | C21: 46192.999 | D21: Done | E21: =IF(D21<>"",IF(E21="",NOW(),E21),"") -> 46191.413 | F21: =if(D21 = "", 0,IF(E21<C21,0.5,0)) -> 0.5 | H21: =if(D21 <> "", ABS(E21-C21), "0") -> 1.5860092
A22: BC24 | B22: SARAH | C22: 46196.999 | D22: done | E22: =IF(D22<>"",IF(E22="",NOW(),E22),"") -> 46196.366 | F22: =if(D22 = "", 0,IF(E22<C22,0.5,0)) -> 0.5 | H22: =if(D22 <> "", ABS(E22-C22), "0") -> 0.63350644
A23: BC25 | B23: ARVIN | C23: 46196.999 | D23: Done | E23: =IF(D23<>"",IF(E23="",NOW(),E23),"") -> 46195.563 | F23: =if(D23 = "", 0,IF(E23<C23,0.5,0)) -> 0.5 | H23: =if(D23 <> "", ABS(E23-C23), "0") -> 1.4365992
A24: BC27 | B24: ROSHIEL | C24: 46199.999 | D24: done | E24: =IF(D24<>"",IF(E24="",NOW(),E24),"") -> 46198.447 | F24: =if(D24 = "", 0,IF(E24<C24,0.5,0)) -> 0.5 | H24: =if(D24 <> "", ABS(E24-C24), "0") -> 1.552451
A25: BC28 | B25: SARAH | C25: 46199.999 | D25: done | E25: =IF(D25<>"",IF(E25="",NOW(),E25),"") -> 46199.396 | F25: =if(D25 = "", 0,IF(E25<C25,0.5,0)) -> 0.5 | H25: =if(D25 <> "", ABS(E25-C25), "0") -> 0.6033731
A26: AB
A27: BP | B27: Assigned to | C27: Due | D27: Status | E27: Date Completed | F27: Score | H27: days Difference
A28: AB00 | B28: BRYLLE | C28: 46202.999 | D28: done | E28: =IF(D28<>"",IF(E28="",NOW(),E28),"") -> 46202.019 | F28: =if(D28 = "", 0,IF(E28<C28,0.5,0)) -> 0.5 | H28: =if(D28 <> "", ABS(E28-C28), "0") -> 0.98051102
A29: AB01 | B29: BRYLLE | C29: 46202.999 | D29: done | E29: =IF(D29<>"",IF(E29="",NOW(),E29),"") -> 46202.019 | F29: =if(D29 = "", 0,IF(E29<C29,0.5,0)) -> 0.5 | H29: =if(D29 <> "", ABS(E29-C29), "0") -> 0.98047905
A30: AB04 | B30: ROSHIEL | C30: 46175.999 | D30: done | E30: =IF(D30<>"",IF(E30="",NOW(),E30),"") -> 46174.291 | F30: =if(D30 = "", 0,IF(E30<C30,0.5,0)) -> 0.5 | H30: =if(D30 <> "", ABS(E30-C30), "0") -> 1.7085535
A31: AB07 | B31: BEATRICE | C31: 46178.999 | D31: Done | E31: =IF(D31<>"",IF(E31="",NOW(),E31),"") -> 46177.234 | F31: =if(D31 = "", 0,IF(E31<C31,0.5,0)) -> 0.5 | H31: =if(D31 <> "", ABS(E31-C31), "0") -> 1.7652849
A32: AB10 | B32: ROSHIEL | C32: 46181.999 | D32: done | E32: =IF(D32<>"",IF(E32="",NOW(),E32),"") -> 46181.196 | F32: =if(D32 = "", 0,IF(E32<C32,0.5,0)) -> 0.5 | H32: =if(D32 <> "", ABS(E32-C32), "0") -> 0.80379541
A33: AB13 | B33: BRYLLE | C33: 46185.999 | D33: done | E33: =IF(D33<>"",IF(E33="",NOW(),E33),"") -> 46184.093 | F33: =if(D33 = "", 0,IF(E33<C33,0.5,0)) -> 0.5 | H33: =if(D33 <> "", ABS(E33-C33), "0") -> 1.90601
A34: AB16 | B34: BEATRICE | C34: 46188.999 | D34: Done | E34: =IF(D34<>"",IF(E34="",NOW(),E34),"") -> 46188.193 | F34: =if(D34 = "", 0,IF(E34<C34,0.5,0)) -> 0.5 | H34: =if(D34 <> "", ABS(E34-C34), "0") -> 0.80640797
A35: AB19 | B35: BRYLLE | C35: 46191.999 | D35: done | E35: =IF(D35<>"",IF(E35="",NOW(),E35),"") -> 46192.095 | F35: =if(D35 = "", 0,IF(E35<C35,0.5,0)) -> 0 | H35: =if(D35 <> "", ABS(E35-C35), "0") -> 0.095780683
A36: AB22 | B36: ART | C36: 46192.999 | D36: done | E36: =IF(D36<>"",IF(E36="",NOW(),E36),"") -> 46195.311 | F36: =if(D36 = "", 0,IF(E36<C36,0.5,0)) -> 0 | H36: =if(D36 <> "", ABS(E36-C36), "0") -> 2.3118758
A37: AB25 | B37: ART | C37: 46196.999 | D37: done | E37: =IF(D37<>"",IF(E37="",NOW(),E37),"") -> 46196.164 | F37: =if(D37 = "", 0,IF(E37<C37,0.5,0)) -> 0.5 | H37: =if(D37 <> "", ABS(E37-C37), "0") -> 0.83522961
A38: AB26 | B38: ART | C38: 46199.999 | D38: done | E38: =IF(D38<>"",IF(E38="",NOW(),E38),"") -> 46199.208 | F38: =if(D38 = "", 0,IF(E38<C38,0.5,0)) -> 0.5 | H38: =if(D38 <> "", ABS(E38-C38), "0") -> 0.79158829
A39: AB28 | B39: SARAH | C39: 46199.999 | E39: =IF(D39<>"",IF(E39="",NOW(),E39),"") | F39: =if(D39 = "", 0,IF(E39<C39,0.5,0)) -> 0 | H39: =if(D39 <> "", ABS(E39-C39), "0") -> 0

Sheet JUL
A1: SOI BP's Completed TRACKER
A2: JULY 2026
A3: BC
A4: BP | B4: Assigned to | C4: Due | D4: Status | E4: Date Completed | F4: Score | H4: days Difference
A5: BC00 | B5: BEATRICE | C5: 46233.999 | D5: Done | E5: =IF(D5<>"",IF(E5="",NOW(),E5),"") -> 46233.261 | F5: =if(D5 = "", 0,IF(E5<C5,0.5,0)) -> 0.5 | H5: =if(D5 <> "", ABS(E5-C5), "0") -> 0.73795612
A6: BC01 | B6: BEATRICE | C6: 46233.999 | D6: Done | E6: =IF(D6<>"",IF(E6="",NOW(),E6),"") -> 46233.261 | F6: =if(D6 = "", 0,IF(E6<C6,0.5,0)) -> 0.5 | H6: =if(D6 <> "", ABS(E6-C6), "0") -> 0.73788321
A7: BC03 | B7: ARVIN | C7: 46205.999 | D7: Done | E7: =IF(D7<>"",IF(E7="",NOW(),E7),"") -> 46205.285 | F7: =if(D7 = "", 0,IF(E7<C7,0.5,0)) -> 0.5 | H7: =if(D7 <> "", ABS(E7-C7), "0") -> 0.71422093
A8: BC04 | B8: BRYLLE | C8: 46205.999 | D8: done | E8: =IF(D8<>"",IF(E8="",NOW(),E8),"") -> 46205.02 | F8: =if(D8 = "", 0,IF(E8<C8,0.5,0)) -> 0.5 | H8: =if(D8 <> "", ABS(E8-C8), "0") -> 0.97890326
A9: BC05 | B9: ROSHIEL | C9: 46206.999 | D9: done | E9: =IF(D9<>"",IF(E9="",NOW(),E9),"") -> 46204.328 | F9: =if(D9 = "", 0,IF(E9<C9,0.5,0)) -> 0.5 | H9: =if(D9 <> "", ABS(E9-C9), "0") -> 2.6712886 | J9: 0
A10: BC07 | B10: ROSHIEL | C10: 46206.999 | D10: done | E10: =IF(D10<>"",IF(E10="",NOW(),E10),"") -> 46204.328 | F10: =if(D10 = "", 0,IF(E10<C10,0.5,0)) -> 0.5 | H10: =if(D10 <> "", ABS(E10-C10), "0") -> 2.6712787 | J10: 100
A11: BC09 | B11: BEATRICE | C11: 46211.999 | D11: Done | E11: =IF(D11<>"",IF(E11="",NOW(),E11),"") -> 46210.317 | F11: =if(D11 = "", 0,IF(E11<C11,0.5,0)) -> 0.5 | H11: =if(D11 <> "", ABS(E11-C11), "0") -> 1.6825688 | J11: 100
A12: BC10 | B12: BEATRICE | C12: 46211.999 | D12: Done | E12: =IF(D12<>"",IF(E12="",NOW(),E12),"") -> 46210.317 | F12: =if(D12 = "", 0,IF(E12<C12,0.5,0)) -> 0.5 | H12: =if(D12 <> "", ABS(E12-C12), "0") -> 1.6825393
A13: BC11 | B13: ROSHIEL | C13: 46213.999 | D13: done | E13: =IF(D13<>"",IF(E13="",NOW(),E13),"") -> 46217.466 | F13: =if(D13 = "", 0,IF(E13<C13,0.5,0)) -> 0 | H13: =if(D13 <> "", ABS(E13-C13), "0") -> 3.4667156
A14: BC13 | B14: GELO | C14: 46213.999 | D14: done | E14: =IF(D14<>"",IF(E14="",NOW(),E14),"") -> 46212.581 | F14: =if(D14 = "", 0,IF(E14<C14,0.5,0)) -> 0.5 | H14: =if(D14 <> "", ABS(E14-C14), "0") -> 1.41836
A15: BC14 | B15: BRYLLE | C15: 46213.999 | D15: done | E15: =IF(D15<>"",IF(E15="",NOW(),E15),"") -> 46213.067 | F15: =if(D15 = "", 0,IF(E15<C15,0.5,0)) -> 0.5 | H15: =if(D15 <> "", ABS(E15-C15), "0") -> 0.9319416
A16: BC15 | B16: BRYLLE | C16: 46218.999 | D16: done | E16: =IF(D16<>"",IF(E16="",NOW(),E16),"") -> 46217.54 | F16: =if(D16 = "", 0,IF(E16<C16,0.5,0)) -> 0.5 | H16: =if(D16 <> "", ABS(E16-C16), "0") -> 1.4589966
A17: BC17 | B17: GELO | C17: 46218.999 | D17: done | E17: =IF(D17<>"",IF(E17="",NOW(),E17),"") -> 46217.502 | F17: =if(D17 = "", 0,IF(E17<C17,0.5,0)) -> 0.5 | H17: =if(D17 <> "", ABS(E17-C17), "0") -> 1.4974535
A18: BC19 | B18: BEATRICE | C18: 46220.999 | D18: Done | E18: =IF(D18<>"",IF(E18="",NOW(),E18),"") -> 46220.144 | F18: =if(D18 = "", 0,IF(E18<C18,0.5,0)) -> 0.5 | H18: =if(D18 <> "", ABS(E18-C18), "0") -> 0.855616
A19: BC20 | B19: SARAH | C19: 46220.999 | D19: Done | E19: =IF(D19<>"",IF(E19="",NOW(),E19),"") -> 46220.156 | F19: =if(D19 = "", 0,IF(E19<C19,0.5,0)) -> 0.5 | H19: =if(D19 <> "", ABS(E19-C19), "0") -> 0.84313039
A20: BC21 | B20: GELO | C20: 46224.999 | D20: done | E20: =IF(D20<>"",IF(E20="",NOW(),E20),"") -> 46227.526 | F20: =if(D20 = "", 0,IF(E20<C20,0.5,0)) -> 0 | H20: =if(D20 <> "", ABS(E20-C20), "0") -> 2.5270661
A21: BC23 | B21: ARVIN | C21: 46224.999 | D21: Done | E21: =IF(D21<>"",IF(E21="",NOW(),E21),"") -> 46223.563 | F21: =if(D21 = "", 0,IF(E21<C21,0.5,0)) -> 0.5 | H21: =if(D21 <> "", ABS(E21-C21), "0") -> 1.4366088
A22: BC24 | B22: SARAH | C22: 46226.999 | D22: Done | E22: =IF(D22<>"",IF(E22="",NOW(),E22),"") -> 46226.258 | F22: =if(D22 = "", 0,IF(E22<C22,0.5,0)) -> 0.5 | H22: =if(D22 <> "", ABS(E22-C22), "0") -> 0.74168804
A23: BC25 | B23: ARVIN | C23: 46226.999 | D23: Done | E23: =IF(D23<>"",IF(E23="",NOW(),E23),"") -> 46225.577 | F23: =if(D23 = "", 0,IF(E23<C23,0.5,0)) -> 0.5 | H23: =if(D23 <> "", ABS(E23-C23), "0") -> 1.4227937 | J23: 100
A24: BC27 | B24: ROSHIEL | C24: 46227.999 | D24: done | E24: =IF(D24<>"",IF(E24="",NOW(),E24),"") -> 46232.111 | F24: =if(D24 = "", 0,IF(E24<C24,0.5,0)) -> 0 | H24: =if(D24 <> "", ABS(E24-C24), "0") -> 4.1113452 | J24: 100
A25: BC28 | B25: SARAH | C25: 46227.999 | D25: done | E25: =IF(D25<>"",IF(E25="",NOW(),E25),"") -> 46227.354 | F25: =if(D25 = "", 0,IF(E25<C25,0.5,0)) -> 0.5 | H25: =if(D25 <> "", ABS(E25-C25), "0") -> 0.6456514 | J25: 0
A26: AB
A27: BP | B27: Assigned to | C27: Due | D27: Status | E27: Date Completed | F27: Score | H27: days Difference
A28: AB00 | B28: BRYLLE | C28: 46233.999 | D28: done | E28: =IF(D28<>"",IF(E28="",NOW(),E28),"") -> 46232.329 | F28: =if(D28 = "", 0,IF(E28<C28,0.5,0)) -> 0.5 | H28: =if(D28 <> "", ABS(E28-C28), "0") -> 1.6704617
A29: AB01 | B29: BRYLLE | C29: 46233.999 | D29: done | E29: =IF(D29<>"",IF(E29="",NOW(),E29),"") -> 46232.329 | F29: =if(D29 = "", 0,IF(E29<C29,0.5,0)) -> 0.5 | H29: =if(D29 <> "", ABS(E29-C29), "0") -> 1.6704204
A30: AB04 | B30: ROSHIEL | C30: 46205.999 | D30: done | E30: =IF(D30<>"",IF(E30="",NOW(),E30),"") -> 46204.232 | F30: =if(D30 = "", 0,IF(E30<C30,0.5,0)) -> 0.5 | H30: =if(D30 <> "", ABS(E30-C30), "0") -> 1.7673523
A31: AB07 | B31: BEATRICE | C31: 46206.999 | D31: Done | E31: =IF(D31<>"",IF(E31="",NOW(),E31),"") -> 46208.945 | F31: =if(D31 = "", 0,IF(E31<C31,0.5,0)) -> 0 | H31: =if(D31 <> "", ABS(E31-C31), "0") -> 1.9452401
A32: AB10 | B32: ROSHIEL | C32: 46211.999 | D32: done | E32: =IF(D32<>"",IF(E32="",NOW(),E32),"") -> 46210.5 | F32: =if(D32 = "", 0,IF(E32<C32,0.5,0)) -> 0.5 | H32: =if(D32 <> "", ABS(E32-C32), "0") -> 1.4988499
A33: AB13 | B33: BRYLLE | C33: 46213.999 | D33: done | E33: =IF(D33<>"",IF(E33="",NOW(),E33),"") -> 46213.067 | F33: =if(D33 = "", 0,IF(E33<C33,0.5,0)) -> 0.5 | H33: =if(D33 <> "", ABS(E33-C33), "0") -> 0.9320814
A34: AB16 | B34: BEATRICE | C34: 46218.999 | D34: Done | E34: =IF(D34<>"",IF(E34="",NOW(),E34),"") -> 46218.033 | F34: =if(D34 = "", 0,IF(E34<C34,0.5,0)) -> 0.5 | H34: =if(D34 <> "", ABS(E34-C34), "0") -> 0.96614804
A35: AB19 | B35: BRYLLE | C35: 46220.999 | D35: done | E35: =IF(D35<>"",IF(E35="",NOW(),E35),"") -> 46231.1 | F35: =if(D35 = "", 0,IF(E35<C35,0.5,0)) -> 0 | H35: =if(D35 <> "", ABS(E35-C35), "0") -> 10.100663
A36: AB22 | B36: ART | C36: 46224.999 | D36: done | E36: =IF(D36<>"",IF(E36="",NOW(),E36),"") -> 46225.383 | F36: =if(D36 = "", 0,IF(E36<C36,0.5,0)) -> 0 | H36: =if(D36 <> "", ABS(E36-C36), "0") -> 0.3841566
A37: AB25 | B37: ART | C37: 46226.999 | D37: done | E37: =IF(D37<>"",IF(E37="",NOW(),E37),"") -> 46230.041 | F37: =if(D37 = "", 0,IF(E37<C37,0.5,0)) -> 0 | H37: =if(D37 <> "", ABS(E37-C37), "0") -> 3.0416014
A38: AB26 | B38: ART | C38: 46227.999 | D38: done | E38: =IF(D38<>"",IF(E38="",NOW(),E38),"") -> 46230.041 | F38: =if(D38 = "", 0,IF(E38<C38,0.5,0)) -> 0 | H38: =if(D38 <> "", ABS(E38-C38), "0") -> 2.041632
A39: AB28 | B39: SARAH | C39: 46227.999 | E39: =IF(D39<>"",IF(E39="",NOW(),E39),"") | F39: =if(D39 = "", 0,IF(E39<C39,0.5,0)) -> 0 | H39: =if(D39 <> "", ABS(E39-C39), "0") -> 0

Sheet AUG
A1: SOI BP's Completed TRACKER
A2: AUGUST 2026
A3: BC
A4: BP | B4: Assigned to | C4: Due | D4: Status | E4: Date Completed | F4: Score | H4: days Difference
A5: BC00 | B5: BEATRICE | C5: 46262.999 | D5: Done | E5: =IF(D5<>"",IF(E5="",NOW(),E5),"") -> 46261.112 | F5: =if(D5 = "", 0,IF(E5<C5,0.5,0)) -> 0.5 | H5: =if(D5 <> "", ABS(E5-C5), "0") -> 1.8877174
A6: BC01 | B6: BEATRICE | C6: 46262.999 | D6: Done | E6: =IF(D6<>"",IF(E6="",NOW(),E6),"") -> 46261.112 | F6: =if(D6 = "", 0,IF(E6<C6,0.5,0)) -> 0.5 | H6: =if(D6 <> "", ABS(E6-C6), "0") -> 1.887666
A7: BC03 | B7: ARVIN | C7: 46234.999 | D7: Done | E7: =IF(D7<>"",IF(E7="",NOW(),E7),"") -> 46233.562 | F7: =if(D7 = "", 0,IF(E7<C7,0.5,0)) -> 0.5 | H7: =IF(D7 <> "", ABS(E7-C7), "0") -> 1.4368739
A8: BC04 | B8: BRYLLE | C8: 46234.999 | D8: done | E8: =IF(D8<>"",IF(E8="",NOW(),E8),"") -> 46234.22 | F8: =if(D8 = "", 0,IF(E8<C8,0.5,0)) -> 0.5 | H8: =if(D8 <> "", ABS(E8-C8), "0") -> 0.77934449
A9: BC05 | B9: ROSHIEL | C9: 46239.999 | D9: done | E9: =IF(D9<>"",IF(E9="",NOW(),E9),"") -> 46239.288 | F9: =if(D9 = "", 0,IF(E9<C9,0.5,0)) -> 0.5 | H9: =if(D9 <> "", ABS(E9-C9), "0") -> 0.71126759
A10: BC07 | B10: ROSHIEL | C10: 46239.999 | D10: done | E10: =IF(D10<>"",IF(E10="",NOW(),E10),"") -> 46239.288 | F10: =if(D10 = "", 0,IF(E10<C10,0.5,0)) -> 0.5 | H10: =if(D10 <> "", ABS(E10-C10), "0") -> 0.71123903
A11: BC09 | B11: BEATRICE | C11: 46241.999 | D11: Done | E11: =IF(D11<>"",IF(E11="",NOW(),E11),"") -> 46240.019 | F11: =if(D11 = "", 0,IF(E11<C11,0.5,0)) -> 0.5 | H11: =if(D11 <> "", ABS(E11-C11), "0") -> 1.9798692
A12: BC10 | B12: BEATRICE | C12: 46241.999 | D12: Done | E12: =IF(D12<>"",IF(E12="",NOW(),E12),"") -> 46240.019 | F12: =if(D12 = "", 0,IF(E12<C12,0.5,0)) -> 0.5 | H12: =if(D12 <> "", ABS(E12-C12), "0") -> 1.9798219
A13: BC11 | B13: ROSHIEL | C13: 46244.999 | D13: Done | E13: =IF(D13<>"",IF(E13="",NOW(),E13),"") -> 46267.311 | F13: =if(D13 = "", 0,IF(E13<C13,0.5,0)) -> 0 | H13: =if(D13 <> "", ABS(E13-C13), "0") -> 22.311597
A14: BC13 | B14: GELO | C14: 46246.999 | D14: done | E14: =IF(D14<>"",IF(E14="",NOW(),E14),"") -> 46244.403 | F14: =if(D14 = "", 0,IF(E14<C14,0.5,0)) -> 0.5 | H14: =if(D14 <> "", ABS(E14-C14), "0") -> 2.5965789
A15: BC14 | B15: BRYLLE | C15: 46246.999 | D15: done | E15: =IF(D15<>"",IF(E15="",NOW(),E15),"") -> 46245.474 | F15: =if(D15 = "", 0,IF(E15<C15,0.5,0)) -> 0.5 | H15: =if(D15 <> "", ABS(E15-C15), "0") -> 1.5251097
A16: BC15 | B16: BRYLLE | C16: 46248.999 | D16: done | E16: =IF(D16<>"",IF(E16="",NOW(),E16),"") -> 46245.475 | F16: =if(D16 = "", 0,IF(E16<C16,0.5,0)) -> 0.5 | H16: =if(D16 <> "", ABS(E16-C16), "0") -> 3.5246348
A17: BC17 | B17: GELO | C17: 46248.999 | D17: done | E17: =IF(D17<>"",IF(E17="",NOW(),E17),"") -> 46244.403 | F17: =if(D17 = "", 0,IF(E17<C17,0.5,0)) -> 0.5 | H17: =if(D17 <> "", ABS(E17-C17), "0") -> 4.5964951
A18: BC19 | B18: BEATRICE | C18: 46252.999 | D18: Done | E18: =IF(D18<>"",IF(E18="",NOW(),E18),"") -> 46251.115 | F18: =if(D18 = "", 0,IF(E18<C18,0.5,0)) -> 0.5 | H18: =if(D18 <> "", ABS(E18-C18), "0") -> 1.8841344 | J18: 100
A19: BC20 | B19: ARVIN | C19: 46252.999 | D19: Done | E19: =IF(D19<>"",IF(E19="",NOW(),E19),"") -> 46251.576 | F19: =if(D19 = "", 0,IF(E19<C19,0.5,0)) -> 0.5 | H19: =if(D19 <> "", ABS(E19-C19), "0") -> 1.423131 | J19: 0
A20: BC21 | B20: GELO | C20: 46255.999 | D20: done | E20: =IF(D20<>"",IF(E20="",NOW(),E20),"") -> 46254.463 | F20: =if(D20 = "", 0,IF(E20<C20,0.5,0)) -> 0.5 | H20: =if(D20 <> "", ABS(E20-C20), "0") -> 1.5363992
A21: BC23 | B21: ARVIN | C21: 46255.999 | D21: Done | E21: =IF(D21<>"",IF(E21="",NOW(),E21),"") -> 46254.585 | F21: =if(D21 = "", 0,IF(E21<C21,0.5,0)) -> 0.5 | H21: =if(D21 <> "", ABS(E21-C21), "0") -> 1.4141786
A22: BC24 | B22: WILL | C22: 46255.999 | D22: Done | E22: =IF(D22<>"",IF(E22="",NOW(),E22),"") -> 46267.311 | F22: =if(D22 = "", 0,IF(E22<C22,0.5,0)) -> 0 | H22: =if(D22 <> "", ABS(E22-C22), "0") -> 11.311676
A23: BC25 | B23: ARVIN | C23: 46255.999 | D23: Done | E23: =IF(D23<>"",IF(E23="",NOW(),E23),"") -> 46254.585 | F23: =if(D23 = "", 0,IF(E23<C23,0.5,0)) -> 0.5 | H23: =if(D23 <> "", ABS(E23-C23), "0") -> 1.4141294
A24: BC27 | B24: WILL | C24: 46260.999 | D24: Done | E24: =IF(D24<>"",IF(E24="",NOW(),E24),"") -> 46267.311 | F24: =if(D24 = "", 0,IF(E24<C24,0.5,0)) -> 0 | H24: =if(D24 <> "", ABS(E24-C24), "0") -> 6.3117053
A25: BC28 | B25: ARVIN | C25: 46260.999 | D25: Done | E25: =IF(D25<>"",IF(E25="",NOW(),E25),"") -> 46259.507 | F25: =if(D25 = "", 0,IF(E25<C25,0.5,0)) -> 0.5 | H25: =if(D25 <> "", ABS(E25-C25), "0") -> 1.4922996
A26: AB
A27: BP | B27: Assigned to | C27: Due | D27: Status | E27: Date Completed | F27: Score | H27: days Difference
A28: AB00 | B28: BRYLLE | C28: 46262.999 | D28: done | E28: =IF(D28<>"",IF(E28="",NOW(),E28),"") -> 46261.112 | F28: =if(D28 = "", 0,IF(E28<C28,0.5,0)) -> 0.5 | H28: =if(D28 <> "", ABS(E28-C28), "0") -> 1.8874317
A29: AB01 | B29: BRYLLE | C29: 46262.999 | D29: done | E29: =IF(D29<>"",IF(E29="",NOW(),E29),"") -> 46261.112 | F29: =if(D29 = "", 0,IF(E29<C29,0.5,0)) -> 0.5 | H29: =if(D29 <> "", ABS(E29-C29), "0") -> 1.8873944
A30: AB04 | B30: BEATRICE | C30: 46234.999 | D30: done | E30: =IF(D30<>"",IF(E30="",NOW(),E30),"") -> 46234.445 | F30: =if(D30 = "", 0,IF(E30<C30,0.5,0)) -> 0.5 | H30: =IF(D30 <> "", ABS(E30-C30), "0") -> 0.55461091
A31: AB07 | B31: BEATRICE | C31: 46239.999 | D31: Done | E31: =IF(D31<>"",IF(E31="",NOW(),E31),"") -> 46238.018 | F31: =if(D31 = "", 0,IF(E31<C31,0.5,0)) -> 0.5 | H31: =if(D31 <> "", ABS(E31-C31), "0") -> 1.9808629
A32: AB10 | B32: ROSHIEL | C32: 46241.999 | E32: =IF(D32<>"",IF(E32="",NOW(),E32),"") | F32: =if(D32 = "", 0,IF(E32<C32,0.5,0)) -> 0 | H32: =if(D32 <> "", ABS(E32-C32), "0") -> 0
A33: AB13 | B33: BRYLLE | C33: 46246.999 | D33: done | E33: =IF(D33<>"",IF(E33="",NOW(),E33),"") -> 46245.474 | F33: =if(D33 = "", 0,IF(E33<C33,0.5,0)) -> 0.5 | H33: =if(D33 <> "", ABS(E33-C33), "0") -> 1.5250503
A34: AB16 | B34: BEATRICE | C34: 46248.999 | D34: Done | E34: =IF(D34<>"",IF(E34="",NOW(),E34),"") -> 46247.116 | F34: =if(D34 = "", 0,IF(E34<C34,0.5,0)) -> 0.5 | H34: =if(D34 <> "", ABS(E34-C34), "0") -> 1.8832519
A35: AB19 | B35: BRYLLE | C35: 46252.999 | D35: done | E35: =IF(D35<>"",IF(E35="",NOW(),E35),"") -> 46252.047 | F35: =if(D35 = "", 0,IF(E35<C35,0.5,0)) -> 0.5 | H35: =if(D35 <> "", ABS(E35-C35), "0") -> 0.95232325
A36: AB22 | B36: ART | C36: 46255.999 | D36: done | E36: =IF(D36<>"",IF(E36="",NOW(),E36),"") -> 46255.248 | F36: =if(D36 = "", 0,IF(E36<C36,0.5,0)) -> 0.5 | H36: =if(D36 <> "", ABS(E36-C36), "0") -> 0.75103566
A37: AB25 | B37: ART | C37: 46255.999 | D37: dne | E37: =IF(D37<>"",IF(E37="",NOW(),E37),"") -> 46255.248 | F37: =if(D37 = "", 0,IF(E37<C37,0.5,0)) -> 0.5 | H37: =if(D37 <> "", ABS(E37-C37), "0") -> 0.75102586
A38: AB26 | B38: ART | C38: 46260.999 | D38: done | E38: =IF(D38<>"",IF(E38="",NOW(),E38),"") -> 46260.291 | F38: =if(D38 = "", 0,IF(E38<C38,0.5,0)) -> 0.5 | H38: =if(D38 <> "", ABS(E38-C38), "0") -> 0.70812811
A39: AB28 | B39: DIANA | C39: 46260.999 | D39: done | E39: =IF(D39<>"",IF(E39="",NOW(),E39),"") -> 46267.343 | F39: =if(D39 = "", 0,IF(E39<C39,0.5,0)) -> 0 | H39: =if(D39 <> "", ABS(E39-C39), "0") -> 6.3441795

Sheet SEP
A1: SOI BP's Completed TRACKER
A2: SEPTEMBER 2026
A3: BC
A4: BP | B4: Assigned to | C4: Due | D4: Status | E4: Date Completed | F4: Score | H4: days Difference
A5: BC00 | B5: BEATRICE | C5: 46294.999 | E5: =IF(D5<>"",IF(E5="",NOW(),E5),"") | F5: =if(D5 = "", 0,IF(E5<C5,0.5,0)) -> 0 | H5: =if(D5 <> "", ABS(E5-C5), "0") -> 0
A6: BC01 | B6: BEATRICE | C6: 46294.999 | E6: =IF(D6<>"",IF(E6="",NOW(),E6),"") | F6: =if(D6 = "", 0,IF(E6<C6,0.5,0)) -> 0 | H6: =if(D6 <> "", ABS(E6-C6), "0") -> 0
A7: BC03 | B7: ARVIN | C7: 46267.999 | D7: Done | E7: =IF(D7<>"",IF(E7="",NOW(),E7),"") -> 46266.381 | F7: =if(D7 = "", 0,IF(E7<C7,0.5,0)) -> 0.5 | H7: =if(D7 <> "", ABS(E7-C7), "0") -> 1.6182923
A8: BC04 | B8: BRYLLE | C8: 46267.999 | D8: done | E8: =IF(D8<>"",IF(E8="",NOW(),E8),"") -> 46266.44 | F8: =if(D8 = "", 0,IF(E8<C8,0.5,0)) -> 0.5 | H8: =if(D8 <> "", ABS(E8-C8), "0") -> 1.5588109
A9: BC05 | B9: DIANA | C9: 46269.999 | E9: =IF(D9<>"",IF(E9="",NOW(),E9),"") | F9: =if(D9 = "", 0,IF(E9<C9,0.5,0)) -> 0 | H9: =if(D9 <> "", ABS(E9-C9), "0") -> 0
A10: BC07 | B10: DIANA | C10: 46269.999 | E10: =IF(D10<>"",IF(E10="",NOW(),E10),"") | F10: =if(D10 = "", 0,IF(E10<C10,0.5,0)) -> 0 | H10: =if(D10 <> "", ABS(E10-C10), "0") -> 0
A11: BC09 | B11: BEATRICE | C11: 46273.999 | D11: DONE | E11: =IF(D11<>"",IF(E11="",NOW(),E11),"") -> 46272.257 | F11: =if(D11 = "", 0,IF(E11<C11,0.5,0)) -> 0.5 | H11: =if(D11 <> "", ABS(E11-C11), "0") -> 1.7423856
A12: BC10 | B12: BEATRICE | C12: 46273.999 | D12: DONE | E12: =IF(D12<>"",IF(E12="",NOW(),E12),"") -> 46272.257 | F12: =if(D12 = "", 0,IF(E12<C12,0.5,0)) -> 0.5 | H12: =if(D12 <> "", ABS(E12-C12), "0") -> 1.7422689
A13: BC11 | B13: WILL | C13: 46275.999 | E13: =IF(D13<>"",IF(E13="",NOW(),E13),"") | F13: =if(D13 = "", 0,IF(E13<C13,0.5,0)) -> 0 | H13: =if(D13 <> "", ABS(E13-C13), "0") -> 0
A14: BC13 | B14: GELO | C14: 46276.999 | D14: done | E14: =IF(D14<>"",IF(E14="",NOW(),E14),"") -> 46275.08 | F14: =if(D14 = "", 0,IF(E14<C14,0.5,0)) -> 0.5 | H14: =if(D14 <> "", ABS(E14-C14), "0") -> 1.9188027
A15: BC14 | B15: BRYLLE | C15: 46276.999 | D15: done | E15: =IF(D15<>"",IF(E15="",NOW(),E15),"") -> 46276.012 | F15: =if(D15 = "", 0,IF(E15<C15,0.5,0)) -> 0.5 | H15: =if(D15 <> "", ABS(E15-C15), "0") -> 0.98753975
A16: BC15 | B16: BRYLLE | C16: 46280.999 | D16: done | E16: =IF(D16<>"",IF(E16="",NOW(),E16),"") -> 46280.307 | F16: =if(D16 = "", 0,IF(E16<C16,0.5,0)) -> 0.5 | H16: =if(D16 <> "", ABS(E16-C16), "0") -> 0.69259682
A17: BC17 | B17: GELO | C17: 46280.999 | D17: done | E17: =IF(D17<>"",IF(E17="",NOW(),E17),"") -> 46279.344 | F17: =if(D17 = "", 0,IF(E17<C17,0.5,0)) -> 0.5 | H17: =if(D17 <> "", ABS(E17-C17), "0") -> 1.6553533
A18: BC19 | B18: BEATRICE | C18: 46283.999 | E18: =IF(D18<>"",IF(E18="",NOW(),E18),"") | F18: =if(D18 = "", 0,IF(E18<C18,0.5,0)) -> 0 | H18: =if(D18 <> "", ABS(E18-C18), "0") -> 0
A19: BC20 | B19: ARVIN | C19: 46283.999 | E19: =IF(D19<>"",IF(E19="",NOW(),E19),"") | F19: =if(D19 = "", 0,IF(E19<C19,0.5,0)) -> 0 | H19: =if(D19 <> "", ABS(E19-C19), "0") -> 0
A20: BC21 | B20: GELO | C20: 46286.999 | E20: =IF(D20<>"",IF(E20="",NOW(),E20),"") | F20: =if(D20 = "", 0,IF(E20<C20,0.5,0)) -> 0 | H20: =if(D20 <> "", ABS(E20-C20), "0") -> 0
A21: BC23 | B21: ARVIN | C21: 46286.999 | E21: =IF(D21<>"",IF(E21="",NOW(),E21),"") | F21: =if(D21 = "", 0,IF(E21<C21,0.5,0)) -> 0 | H21: =if(D21 <> "", ABS(E21-C21), "0") -> 0
A22: BC24 | B22: WILL | C22: 46288.999 | E22: =IF(D22<>"",IF(E22="",NOW(),E22),"") | F22: =if(D22 = "", 0,IF(E22<C22,0.5,0)) -> 0 | H22: =if(D22 <> "", ABS(E22-C22), "0") -> 0
A23: BC25 | B23: ARVIN | C23: 46288.999 | E23: =IF(D23<>"",IF(E23="",NOW(),E23),"") | F23: =if(D23 = "", 0,IF(E23<C23,0.5,0)) -> 0 | H23: =if(D23 <> "", ABS(E23-C23), "0") -> 0
A24: BC27 | B24: WILL | C24: 46290.999 | E24: =IF(D24<>"",IF(E24="",NOW(),E24),"") | F24: =if(D24 = "", 0,IF(E24<C24,0.5,0)) -> 0 | H24: =if(D24 <> "", ABS(E24-C24), "0") -> 0
A25: BC28 | B25: ARVIN | C25: 46290.999 | E25: =IF(D25<>"",IF(E25="",NOW(),E25),"") | F25: =if(D25 = "", 0,IF(E25<C25,0.5,0)) -> 0 | H25: =if(D25 <> "", ABS(E25-C25), "0") -> 0
A26: AB
A27: BP | B27: Assigned to | C27: Due | D27: Status | E27: Date Completed | F27: Score | H27: days Difference
A28: AB00 | B28: BRYLLE | C28: 46294.999 | E28: =IF(D28<>"",IF(E28="",NOW(),E28),"") | F28: =if(D28 = "", 0,IF(E28<C28,0.5,0)) -> 0 | H28: =if(D28 <> "", ABS(E28-C28), "0") -> 0
A29: AB01 | B29: BRYLLE | C29: 46294.999 | E29: =IF(D29<>"",IF(E29="",NOW(),E29),"") | F29: =if(D29 = "", 0,IF(E29<C29,0.5,0)) -> 0 | H29: =if(D29 <> "", ABS(E29-C29), "0") -> 0
A30: AB04 | B30: BEATRICE | C30: 46267.999 | D30: DONE | E30: =IF(D30<>"",IF(E30="",NOW(),E30),"") -> 46266.256 | F30: =if(D30 = "", 0,IF(E30<C30,0.5,0)) -> 0.5 | H30: =if(D30 <> "", ABS(E30-C30), "0") -> 1.7432473
A31: AB07 | B31: BEATRICE | C31: 46269.999 | D31: DONE | E31: =IF(D31<>"",IF(E31="",NOW(),E31),"") -> 46269.093 | F31: =if(D31 = "", 0,IF(E31<C31,0.5,0)) -> 0.5 | H31: =if(D31 <> "", ABS(E31-C31), "0") -> 0.90607281
A32: AB10 | B32: ARVIN | C32: 46273.999 | D32: Done | E32: =IF(D32<>"",IF(E32="",NOW(),E32),"") -> 46272.443 | F32: =if(D32 = "", 0,IF(E32<C32,0.5,0)) -> 0.5 | H32: =if(D32 <> "", ABS(E32-C32), "0") -> 1.5562623
A33: AB13 | B33: BRYLLE | C33: 46276.999 | D33: done | E33: =IF(D33<>"",IF(E33="",NOW(),E33),"") -> 46276.012 | F33: =if(D33 = "", 0,IF(E33<C33,0.5,0)) -> 0.5 | H33: =if(D33 <> "", ABS(E33-C33), "0") -> 0.98768734
A34: AB16 | B34: BEATRICE | C34: 46280.999 | D34: Done | E34: =IF(D34<>"",IF(E34="",NOW(),E34),"") -> 46279.101 | F34: =if(D34 = "", 0,IF(E34<C34,0.5,0)) -> 0.5 | H34: =if(D34 <> "", ABS(E34-C34), "0") -> 1.8987752
A35: AB19 | B35: BRYLLE | C35: 46283.999 | E35: =IF(D35<>"",IF(E35="",NOW(),E35),"") | F35: =if(D35 = "", 0,IF(E35<C35,0.5,0)) -> 0 | H35: =if(D35 <> "", ABS(E35-C35), "0") -> 0
A36: AB22 | B36: ART | C36: 46286.999 | E36: =IF(D36<>"",IF(E36="",NOW(),E36),"") | F36: =if(D36 = "", 0,IF(E36<C36,0.5,0)) -> 0 | H36: =if(D36 <> "", ABS(E36-C36), "0") -> 0
A37: AB25 | B37: ART | C37: 46288.999 | E37: =IF(D37<>"",IF(E37="",NOW(),E37),"") | F37: =if(D37 = "", 0,IF(E37<C37,0.5,0)) -> 0 | H37: =if(D37 <> "", ABS(E37-C37), "0") -> 0
A38: AB26 | B38: ART | C38: 46290.999 | E38: =IF(D38<>"",IF(E38="",NOW(),E38),"") | F38: =if(D38 = "", 0,IF(E38<C38,0.5,0)) -> 0 | H38: =if(D38 <> "", ABS(E38-C38), "0") -> 0
A39: AB28 | B39: DIANA | C39: 46290.999 | E39: =IF(D39<>"",IF(E39="",NOW(),E39),"") | F39: =if(D39 = "", 0,IF(E39<C39,0.5,0)) -> 0 | H39: =if(D39 <> "", ABS(E39-C39), "0") -> 0
K43: 0.5
K44: 0.5
K45: 0.5
K46: 0

Sheet OCT
A1: SOI BP's Completed TRACKER
A2: OCTOBER 2026
A3: BC
A4: BP | B4: Assigned to | C4: Due | D4: Status | E4: Date Completed | F4: Score | H4: days Difference
A5: BC00 | B5: BEATRICE | C5: 46325.999 | E5: =IF(D5<>"",IF(E5="",NOW(),E5),"") | F5: =if(D5 = "", 0,IF(E5<C5,0.5,0)) -> 0 | H5: =if(D5 <> "", ABS(E5-C5), "0") -> 0
A6: BC01 | B6: BEATRICE | C6: 46325.999 | E6: =IF(D6<>"",IF(E6="",NOW(),E6),"") | F6: =if(D6 = "", 0,IF(E6<C6,0.5,0)) -> 0 | H6: =if(D6 <> "", ABS(E6-C6), "0") -> 0
A7: BC03 | B7: ARVIN | C7: 46297.999 | E7: =IF(D7<>"",IF(E7="",NOW(),E7),"") | F7: =if(D7 = "", 0,IF(E7<C7,0.5,0)) -> 0 | H7: =if(D7 <> "", ABS(E7-C7), "0") -> 0
A8: BC04 | B8: BRYLLE | C8: 46297.999 | E8: =IF(D8<>"",IF(E8="",NOW(),E8),"") | F8: =if(D8 = "", 0,IF(E8<C8,0.5,0)) -> 0 | H8: =if(D8 <> "", ABS(E8-C8), "0") -> 0
A9: BC05 | B9: DIANA | C9: 46300.999 | E9: =IF(D9<>"",IF(E9="",NOW(),E9),"") | F9: =if(D9 = "", 0,IF(E9<C9,0.5,0)) -> 0 | H9: =if(D9 <> "", ABS(E9-C9), "0") -> 0
A10: BC07 | B10: DIANA | C10: 46300.999 | E10: =IF(D10<>"",IF(E10="",NOW(),E10),"") | F10: =if(D10 = "", 0,IF(E10<C10,0.5,0)) -> 0 | H10: =if(D10 <> "", ABS(E10-C10), "0") -> 0
A11: BC09 | B11: BEATRICE | C11: 46301.999 | E11: =IF(D11<>"",IF(E11="",NOW(),E11),"") | F11: =if(D11 = "", 0,IF(E11<C11,0.5,0)) -> 0 | H11: =if(D11 <> "", ABS(E11-C11), "0") -> 0
A12: BC10 | B12: BEATRICE | C12: 46301.999 | E12: =IF(D12<>"",IF(E12="",NOW(),E12),"") | F12: =if(D12 = "", 0,IF(E12<C12,0.5,0)) -> 0 | H12: =if(D12 <> "", ABS(E12-C12), "0") -> 0
A13: BC11 | B13: WILL | C13: 46305.999 | E13: =IF(D13<>"",IF(E13="",NOW(),E13),"") | F13: =if(D13 = "", 0,IF(E13<C13,0.5,0)) -> 0 | H13: =if(D13 <> "", ABS(E13-C13), "0") -> 0
A14: BC13 | B14: GELO | C14: 46307.999 | E14: =IF(D14<>"",IF(E14="",NOW(),E14),"") | F14: =if(D14 = "", 0,IF(E14<C14,0.5,0)) -> 0 | H14: =if(D14 <> "", ABS(E14-C14), "0") -> 0
A15: BC14 | B15: BRYLLE | C15: 46307.999 | E15: =IF(D15<>"",IF(E15="",NOW(),E15),"") | F15: =if(D15 = "", 0,IF(E15<C15,0.5,0)) -> 0 | H15: =if(D15 <> "", ABS(E15-C15), "0") -> 0
A16: BC15 | B16: BRYLLE | C16: 46308.999 | E16: =IF(D16<>"",IF(E16="",NOW(),E16),"") | F16: =if(D16 = "", 0,IF(E16<C16,0.5,0)) -> 0 | H16: =if(D16 <> "", ABS(E16-C16), "0") -> 0
... A25: BC28 | B25: ARVIN | C25: 46321.999 | E25: =IF(D25<>"",IF(E25="",NOW(),E25),"") | F25: =if(D25 = "", 0,IF(E25<C25,0.5,0)) -> 0 | H25: =if(D25 <> "", ABS(E25-C25), "0") -> 0
A26: AB
A27: BP | B27: Assigned to | C27: Due | D27: Status | E27: Date Completed | F27: Score | H27: days Difference
A28: AB00 | B28: BRYLLE | C28: 46325.999 | E28: =IF(D28<>"",IF(E28="",NOW(),E28),"") | F28: =if(D28 = "", 0,IF(E28<C28,0.5,0)) -> 0 | H28: =if(D28 <> "", ABS(E28-C28), "0") -> 0
A29: AB01 | B29: BRYLLE | C29: 46325.999 | E29: =IF(D29<>"",IF(E29="",NOW(),E29),"") | F29: =if(D29 = "", 0,IF(E29<C29,0.5,0)) -> 0 | H29: =if(D29 <> "", ABS(E29-C29), "0") -> 0
A30: AB04 | B30: BEATRICE | C30: 46297.999 | E30: =IF(D30<>"",IF(E30="",NOW(),E30),"") | F30: =if(D30 = "", 0,IF(E30<C30,0.5,0)) -> 0 | H30: =if(D30 <> "", ABS(E30-C30), "0") -> 0
A31: AB07 | B31: BEATRICE | C31: 46300.999 | E31: =IF(D31<>"",IF(E31="",NOW(),E31),"") | F31: =if(D31 = "", 0,IF(E31<C31,0.5,0)) -> 0 | H31: =if(D31 <> "", ABS(E31-C31), "0") -> 0
A32: AB10 | B32: ARVIN | C32: 46301.999 | E32: =IF(D32<>"",IF(E32="",NOW(),E32),"") | F32: =if(D32 = "", 0,IF(E32<C32,0.5,0)) -> 0 | H32: =if(D32 <> "", ABS(E32-C32), "0") -> 0
A33: AB13 | B33: BRYLLE | C33: 46307.999 | E33: =IF(D33<>"",IF(E33="",NOW(),E33),"") | F33: =if(D33 = "", 0,IF(E33<C33,0.5,0)) -> 0 | H33: =if(D33 <> "", ABS(E33-C33), "0") -> 0
A34: AB16 | B34: BEATRICE | C34: 46308.999 | E34: =IF(D34<>"",IF(E34="",NOW(),E34),"") | F34: =if(D34 = "", 0,IF(E34<C34,0.5,0)) -> 0 | H34: =if(D34 <> "", ABS(E34-C34), "0") -> 0
A35: AB19 | B35: BRYLLE | C35: 46313.999 | E35: =IF(D35<>"",IF(E35="",NOW(),E35),"") | F35: =if(D35 = "", 0,IF(E35<C35,0.5,0)) -> 0 | H35: =if(D35 <> "", ABS(E35-C35), "0") -> 0
A36: AB22 | B36: ART | C36: 46315.999 | E36: =IF(D36<>"",IF(E36="",NOW(),E36),"") | F36: =if(D36 = "", 0,IF(E36<C36,0.5,0)) -> 0 | H36: =if(D36 <> "", ABS(E36-C36), "0") -> 0
A37: AB25 | B37: ART | C37: 46318.999 | E37: =IF(D37<>"",IF(E37="",NOW(),E37),"") | F37: =if(D37 = "", 0,IF(E37<C37,0.5,0)) -> 0 | H37: =if(D37 <> "", ABS(E37-C37), "0") -> 0
A38: AB26 | B38: ART | C38: 46321.999 | E38: =IF(D38<>"",IF(E38="",NOW(),E38),"") | F38: =if(D38 = "", 0,IF(E38<C38,0.5,0)) -> 0 | H38: =if(D38 <> "", ABS(E38-C38), "0") -> 0
A39: AB28 | B39: DIANA | C39: 46321.999 | E39: =IF(D39<>"",IF(E39="",NOW(),E39),"") | F39: =if(D39 = "", 0,IF(E39<C39,0.5,0)) -> 0 | H39: =if(D39 <> "", ABS(E39-C39), "0") -> 0

Sheet NOV
A1: SOI BP's Completed TRACKER
A2: NOVEMBER 2026
A3: BC
A4: BP | B4: Assigned to | C4: Due | D4: Status | E4: Date Completed | F4: Score | H4: days Difference
A5: BC00 | B5: BEATRICE | C5: 46355.999 | E5: =IF(D5<>"",IF(E5="",NOW(),E5),"") | F5: =if(D5 = "", 0,IF(E5<C5,0.5,0)) -> 0 | H5: =if(D5 <> "", ABS(E5-C5), "0") -> 0
A6: BC01 | B6: BEATRICE | C6: 46355.999 | E6: =IF(D6<>"",IF(E6="",NOW(),E6),"") | F6: =if(D6 = "", 0,IF(E6<C6,0.5,0)) -> 0 | H6: =if(D6 <> "", ABS(E6-C6), "0") -> 0
A7: BC03 | B7: ARVIN | C7: 46328.999 | E7: =IF(D7<>"",IF(E7="",NOW(),E7),"") | F7: =if(D7 = "", 0,IF(E7<C7,0.5,0)) -> 0 | H7: =if(D7 <> "", ABS(E7-C7), "0") -> 0 | J7: 100
A8: BC04 | B8: BRYLLE | C8: 46328.999 | E8: =IF(D8<>"",IF(E8="",NOW(),E8),"") | F8: =if(D8 = "", 0,IF(E8<C8,0.5,0)) -> 0 | H8: =if(D8 <> "", ABS(E8-C8), "0") -> 0 | J8: 100
A9: BC05 | B9: DIANA | C9: 46329.999 | E9: =IF(D9<>"",IF(E9="",NOW(),E9),"") | F9: =if(D9 = "", 0,IF(E9<C9,0.5,0)) -> 0 | H9: =if(D9 <> "", ABS(E9-C9), "0") -> 0 | J9: 0
A10: BC07 | B10: DIANA | C10: 46329.999 | E10: =IF(D10<>"",IF(E10="",NOW(),E10),"") | F10: =if(D10 = "", 0,IF(E10<C10,0.5,0)) -> 0 | H10: =if(D10 <> "", ABS(E10-C10), "0") -> 0
A11: BC09 | B11: BEATRICE | C11: 46334.999 | E11: =IF(D11<>"",IF(E11="",NOW(),E11),"") | F11: =if(D11 = "", 0,IF(E11<C11,0.5,0)) -> 0 | H11: =if(D11 <> "", ABS(E11-C11), "0") -> 0
A12: BC10 | B12: BEATRICE | C12: 46334.999 | E12: =IF(D12<>"",IF(E12="",NOW(),E12),"") | F12: =if(D12 = "", 0,IF(E12<C12,0.5,0)) -> 0 | H12: =if(D12 <> "", ABS(E12-C12), "0") -> 0
A13: BC11 | B13: WILL | C13: 46336.999 | E13: =IF(D13<>"",IF(E13="",NOW(),E13),"") | F13: =if(D13 = "", 0,IF(E13<C13,0.5,0)) -> 0 | H13: =if(D13 <> "", ABS(E13-C13), "0") -> 0
A14: BC13 | B14: GELO | C14: 46336.999 | E14: =IF(D14<>"",IF(E14="",NOW(),E14),"") | F14: =if(D14 = "", 0,IF(E14<C14,0.5,0)) -> 0 | H14: =if(D14 <> "", ABS(E14-C14), "0") -> 0
A15: BC14 | B15: BRYLLE | C15: 46336.999 | E15: =IF(D15<>"",IF(E15="",NOW(),E15),"") | F15: =if(D15 = "", 0,IF(E15<C15,0.5,0)) -> 0 | H15: =if(D15 <> "", ABS(E15-C15), "0") -> 0
A16: BC15 | B16: BRYLLE | C16: 46341.999 | E16: =IF(D16<>"",IF(E16="",NOW(),E16),"") | F16: =if(D16 = "", 0,IF(E16<C16,0.5,0)) -> 0 | H16: =if(D16 <> "", ABS(E16-C16), "0") -> 0
A17: BC17 | B17: GELO | C17: 46341.999 | E17: =IF(D17<>"",IF(E17="",NOW(),E17),"") | F17: =if(D17 = "", 0,IF(E17<C17,0.5,0)) -> 0 | H17: =if(D17 <> "", ABS(E17-C17), "0") -> 0
A18: BC19 | B18: BEATRICE | C18: 46343.999 | E18: =IF(D18<>"",IF(E18="",NOW(),E18),"") | F18: =if(D18 = "", 0,IF(E18<C18,0.5,0)) -> 0 | H18: =if(D18 <> "", ABS(E18-C18), "0") -> 0
A19: BC20 | B19: ARVIN | C19: 46343.999 | E19: =IF(D19<>"",IF(E19="",NOW(),E19),"") | F19: =if(D19 = "", 0,IF(E19<C19,0.5,0)) -> 0 | H19: =if(D19 <> "", ABS(E19-C19), "0") -> 0
A20: BC21 | B20: GELO | C20: 46347.999 | E20: =IF(D20<>"",IF(E20="",NOW(),E20),"") | F20: =if(D20 = "", 0,IF(E20<C20,0.5,0)) -> 0 | H20: =if(D20 <> "", ABS(E20-C20), "0") -> 0
A21: BC23 | B21: ARVIN | C21: 46347.999 | E21: =IF(D21<>"",IF(E21="",NOW(),E21),"") | F21: =if(D21 = "", 0,IF(E21<C21,0.5,0)) -> 0 | H21: =if(D21 <> "", ABS(E21-C21), "0") -> 0
... A25: BC28 | B25: ARVIN | C25: 46350.999 | E25: =IF(D25<>"",IF(E25="",NOW(),E25),"") | F25: =if(D25 = "", 0,IF(E25<C25,0.5,0)) -> 0 | H25: =if(D25 <> "", ABS(E25-C25), "0") -> 0
A26: AB
A27: BP | B27: Assigned to | C27: Due | D27: Status | E27: Date Completed | F27: Score | H27: days Difference
A28: AB00 | B28: BRYLLE | C28: 46355.999 | E28: =IF(D28<>"",IF(E28="",NOW(),E28),"") | F28: =if(D28 = "", 0,IF(E28<C28,0.5,0)) -> 0 | H28: =if(D28 <> "", ABS(E28-C28), "0") -> 0
A29: AB01 | B29: BRYLLE | C29: 46355.999 | E29: =IF(D29<>"",IF(E29="",NOW(),E29),"") | F29: =if(D29 = "", 0,IF(E29<C29,0.5,0)) -> 0 | H29: =if(D29 <> "", ABS(E29-C29), "0") -> 0
A30: AB04 | B30: BEATRICE | C30: 46328.999 | E30: =IF(D30<>"",IF(E30="",NOW(),E30),"") | F30: =if(D30 = "", 0,IF(E30<C30,0.5,0)) -> 0 | H30: =if(D30 <> "", ABS(E30-C30), "0") -> 0
A31: AB07 | B31: BEATRICE | C31: 46329.999 | E31: =IF(D31<>"",IF(E31="",NOW(),E31),"") | F31: =if(D31 = "", 0,IF(E31<C31,0.5,0)) -> 0 | H31: =if(D31 <> "", ABS(E31-C31), "0") -> 0
A32: AB10 | B32: ARVIN | C32: 46334.999 | E32: =IF(D32<>"",IF(E32="",NOW(),E32),"") | F32: =if(D32 = "", 0,IF(E32<C32,0.5,0)) -> 0 | H32: =if(D32 <> "", ABS(E32-C32), "0") -> 0
A33: AB13 | B33: BRYLLE | C33: 46336.999 | E33: =IF(D33<>"",IF(E33="",NOW(),E33),"") | F33: =if(D33 = "", 0,IF(E33<C33,0.5,0)) -> 0 | H33: =if(D33 <> "", ABS(E33-C33), "0") -> 0
A34: AB16 | B34: BEATRICE | C34: 46341.999 | E34: =IF(D34<>"",IF(E34="",NOW(),E34),"") | F34: =if(D34 = "", 0,IF(E34<C34,0.5,0)) -> 0 | H34: =if(D34 <> "", ABS(E34-C34), "0") -> 0
A35: AB19 | B35: BRYLLE | C35: 46343.999 | E35: =IF(D35<>"",IF(E35="",NOW(),E35),"") | F35: =if(D35 = "", 0,IF(E35<C35,0.5,0)) -> 0 | H35: =if(D35 <> "", ABS(E35-C35), "0") -> 0
A36: AB22 | B36: ART | C36: 46347.999 | E36: =IF(D36<>"",IF(E36="",NOW(),E36),"") | F36: =if(D36 = "", 0,IF(E36<C36,0.5,0)) -> 0 | H36: =if(D36 <> "", ABS(E36-C36), "0") -> 0
A37: AB25 | B37: ART | C37: 46349.999 | E37: =IF(D37<>"",IF(E37="",NOW(),E37),"") | F37: =if(D37 = "", 0,IF(E37<C37,0.5,0)) -> 0 | H37: =if(D37 <> "", ABS(E37-C37), "0") -> 0
A38: AB26 | B38: ART | C38: 46350.999 | E38: =IF(D38<>"",IF(E38="",NOW(),E38),"") | F38: =if(D38 = "", 0,IF(E38<C38,0.5,0)) -> 0 | H38: =if(D38 <> "", ABS(E38-C38), "0") -> 0
A39: AB28 | B39: DIANA | C39: 46350.999 | E39: =IF(D39<>"",IF(E39="",NOW(),E39),"") | F39: =if(D39 = "", 0,IF(E39<C39,0.5,0)) -> 0 | H39: =if(D39 <> "", ABS(E39-C39), "0") -> 0
E40: =IF(D40<>"",IF(E40="",NOW(),E40),"")
E41: =IF(D41<>"",IF(E41="",NOW(),E41),"")
E42: =IF(D42<>"",IF(E42="",NOW(),E42),"")
E43: =IF(D43<>"",IF(E43="",NOW(),E43),"")
E44: =IF(D44<>"",IF(E44="",NOW(),E44),"")
E45: =IF(D45<>"",IF(E45="",NOW(),E45),"")
E46: =IF(D46<>"",IF(E46="",NOW(),E46),"")
E47: =IF(D47<>"",IF(E47="",NOW(),E47),"")
E48: =IF(D48<>"",IF(E48="",NOW(),E48),"")

Sheet DEC
A1: SOI BP's Completed TRACKER
A2: DECEMBER 2026
A3: BC
A4: BP | B4: Assigned to | C4: Due | D4: Status | E4: Date Completed | F4: Score | H4: days Difference
A5: BC00 | B5: BEATRICE | C5: 46385.999 | E5: =IF(D5<>"",IF(E5="",NOW(),E5),"") | F5: =if(D5 = "", 0,IF(E5<C5,0.5,0)) -> 0 | H5: =if(D5 <> "", ABS(E5-C5), "0") -> 0
A6: BC01 | B6: BEATRICE | C6: 46385.999 | E6: =IF(D6<>"",IF(E6="",NOW(),E6),"") | F6: =if(D6 = "", 0,IF(E6<C6,0.5,0)) -> 0 | H6: =if(D6 <> "", ABS(E6-C6), "0") -> 0
A7: BC03 | B7: ARVIN | C7: 46357.999 | E7: =IF(D7<>"",IF(E7="",NOW(),E7),"") | F7: =if(D7 = "", 0,IF(E7<C7,0.5,0)) -> 0 | H7: =if(D7 <> "", ABS(E7-C7), "0") -> 0
A8: BC04 | B8: BRYLLE | C8: 46357.999 | E8: =IF(D8<>"",IF(E8="",NOW(),E8),"") | F8: =if(D8 = "", 0,IF(E8<C8,0.5,0)) -> 0 | H8: =if(D8 <> "", ABS(E8-C8), "0") -> 0
A9: BC05 | B9: DIANA | C9: 46361.999 | E9: =IF(D9<>"",IF(E9="",NOW(),E9),"") | F9: =if(D9 = "", 0,IF(E9<C9,0.5,0)) -> 0 | H9: =if(D9 <> "", ABS(E9-C9), "0") -> 0
A10: BC07 | B10: DIANA | C10: 46361.999 | E10: =IF(D10<>"",IF(E10="",NOW(),E10),"") | F10: =if(D10 = "", 0,IF(E10<C10,0.5,0)) -> 0 | H10: =if(D10 <> "", ABS(E10-C10), "0") -> 0
A11: BC09 | B11: BEATRICE | C11: 46364.999 | E11: =IF(D11<>"",IF(E11="",NOW(),E11),"") | F11: =if(D11 = "", 0,IF(E11<C11,0.5,0)) -> 0 | H11: =if(D11 <> "", ABS(E11-C11), "0") -> 0
A12: BC10 | B12: BEATRICE | C12: 46364.999 | E12: =IF(D12<>"",IF(E12="",NOW(),E12),"") | F12: =if(D12 = "", 0,IF(E12<C12,0.5,0)) -> 0 | H12: =if(D12 <> "", ABS(E12-C12), "0") -> 0
A13: BC11 | B13: WILL | C13: 46364.999 | E13: =IF(D13<>"",IF(E13="",NOW(),E13),"") | F13: =if(D13 = "", 0,IF(E13<C13,0.5,0)) -> 0 | H13: =if(D13 <> "", ABS(E13-C13), "0") -> 0
A14: BC13 | B14: GELO | C14: 46368.999 | E14: =IF(D14<>"",IF(E14="",NOW(),E14),"") | F14: =if(D14 = "", 0,IF(E14<C14,0.5,0)) -> 0 | H14: =if(D14 <> "", ABS(E14-C14), "0") -> 0
A15: BC14 | B15: BRYLLE | C15: 46368.999 | E15: =IF(D15<>"",IF(E15="",NOW(),E15),"") | F15: =if(D15 = "", 0,IF(E15<C15,0.5,0)) -> 0 | H15: =if(D15 <> "", ABS(E15-C15), "0") -> 0
A16: BC15 | B16: BRYLLE | C16: 46371.999 | E16: =IF(D16<>"",IF(E16="",NOW(),E16),"") | F16: =if(D16 = "", 0,IF(E16<C16,0.5,0)) -> 0 | H16: =if(D16 <> "", ABS(E16-C16), "0") -> 0
... A25: BC28 | B25: ARVIN | C25: 46378.999 | E25: =IF(D25<>"",IF(E25="",NOW(),E25),"") | F25: =if(D25 = "", 0,IF(E25<C25,0.5,0)) -> 0 | H25: =if(D25 <> "", ABS(E25-C25), "0") -> 0
A26: AB
A27: BP | B27: Assigned to | C27: Due | D27: Status | E27: Date Completed | F27: Score | H27: days Difference
A28: AB00 | B28: BRYLLE | C28: 46385.999 | E28: =IF(D28<>"",IF(E28="",NOW(),E28),"") | F28: =if(D28 = "", 0,IF(E28<C28,0.5,0)) -> 0 | H28: =if(D28 <> "", ABS(E28-C28), "0") -> 0
A29: AB01 | B29: BRYLLE | C29: 46385.999 | E29: =IF(D29<>"",IF(E29="",NOW(),E29),"") | F29: =if(D29 = "", 0,IF(E29<C29,0.5,0)) -> 0 | H29: =if(D29 <> "", ABS(E29-C29), "0") -> 0
A30: AB04 | B30: BEATRICE | C30: 46357.999 | E30: =IF(D30<>"",IF(E30="",NOW(),E30),"") | F30: =if(D30 = "", 0,IF(E30<C30,0.5,0)) -> 0 | H30: =if(D30 <> "", ABS(E30-C30), "0") -> 0
A31: AB07 | B31: BEATRICE | C31: 46361.999 | E31: =IF(D31<>"",IF(E31="",NOW(),E31),"") | F31: =if(D31 = "", 0,IF(E31<C31,0.5,0)) -> 0 | H31: =if(D31 <> "", ABS(E31-C31), "0") -> 0
A32: AB10 | B32: ARVIN | C32: 46364.999 | E32: =IF(D32<>"",IF(E32="",NOW(),E32),"") | F32: =if(D32 = "", 0,IF(E32<C32,0.5,0)) -> 0 | H32: =if(D32 <> "", ABS(E32-C32), "0") -> 0
A33: AB13 | B33: BRYLLE | C33: 6701087 | E33: =IF(D33<>"",IF(E33="",NOW(),E33),"") | F33: =if(D33 = "", 0,IF(E33<C33,0.5,0)) -> 0 | H33: =if(D33 <> "", ABS(E33-C33), "0") -> 0
A34: AB16 | B34: BEATRICE | C34: 46371.999 | E34: =IF(D34<>"",IF(E34="",NOW(),E34),"") | F34: =if(D34 = "", 0,IF(E34<C34,0.5,0)) -> 0 | H34: =if(D34 <> "", ABS(E34-C34), "0") -> 0
A35: AB19 | B35: BRYLLE | C35: 46374.999 | E35: =IF(D35<>"",IF(E35="",NOW(),E35),"") | F35: =if(D35 = "", 0,IF(E35<C35,0.5,0)) -> 0 | H35: =if(D35 <> "", ABS(E35-C35), "0") -> 0
A36: AB22 | B36: ART | C36: 46377.999 | E36: =IF(D36<>"",IF(E36="",NOW(),E36),"") | F36: =if(D36 = "", 0,IF(E36<C36,0.5,0)) -> 0 | H36: =if(D36 <> "", ABS(E36-C36), "0") -> 0
A37: AB25 | B37: ART | C37: 46378.999 | E37: =IF(D37<>"",IF(E37="",NOW(),E37),"") | F37: =if(D37 = "", 0,IF(E37<C37,0.5,0)) -> 0 | H37: =if(D37 <> "", ABS(E37-C37), "0") -> 0
A38: AB26 | B38: ART | C38: 46378.999 | E38: =IF(D38<>"",IF(E38="",NOW(),E38),"") | F38: =if(D38 = "", 0,IF(E38<C38,0.5,0)) -> 0 | H38: =if(D38 <> "", ABS(E38-C38), "0") -> 0
A39: AB28 | B39: DIANA | C39: 46378.999 | E39: =IF(D39<>"",IF(E39="",NOW(),E39),"") | F39: =if(D39 = "", 0,IF(E39<C39,0.5,0)) -> 0 | H39: =if(D39 <> "", ABS(E39-C39), "0") -> 0

Sheet SCORES
A1: ART | B1: BP | C1: JAN | D1: FEB | E1: MAR | F1: APR | G1: MAY | H1: JUN | I1: JUL | J1: AUG | K1: SEP | L1: OCT | M1: NOV | N1: DEC
B2: AB07
B3: AB22 | C3: =vlookup($B$3,JAN!$A$36:$F$36,6,false) -> 0.5 | D3: =vlookup($B$3,FEB!$A$36:$F$36,6,false) -> 0.5 | E3: =vlookup($B$3,MAR!$A$36:$F$36,6,false) -> 0.5 | F3: =vlookup($B$3,APR!$A$36:$F$36,6,false) -> 0.5 | G3: =vlookup($B$3,MAY!$A$36:$F$36,6,false) -> 0 | H3: =vlookup($B$3,JUN!$A$36:$F$36,6,false) -> 0 | I3: =vlookup($B$3,JUL!$A$36:$F$36,6,false) -> 0 | J3: =vlookup($B$3,AUG!$A$36:$F$36,6,false) -> 0.5 | K3: =vlookup($B$3,SEP!$A$36:$F$36,6,false) -> 0 | L3: =vlookup($B$3,OCT!$A$36:$F$36,6,false) -> 0 | M3: =vlookup($B$3,NOV!$A$36:$F$36,6,false) -> 0 | N3: =vlookup($B$3,DEC!$A$36:$F$36,6,false) -> 0
B4: AB25 | C4: =vlookup($B$4,JAN!$A$37:$F$37,6,false) -> 0 | D4: =vlookup($B$4,FEB!$A$37:$F$37,6,false) -> 0 | E4: =vlookup($B$4,MAR!$A$37:$F$37,6,false) -> 0.5 | F4: =vlookup($B$4,APR!$A$37:$F$37,6,false) -> 0.5 | G4: =vlookup($B$4,MAY!$A$37:$F$37,6,false) -> 0.5 | H4: =vlookup($B$4,JUN!$A$37:$F$37,6,false) -> 0.5 | I4: =vlookup($B$4,JUL!$A$37:$F$37,6,false) -> 0 | J4: =vlookup($B$4,AUG!$A$37:$F$37,6,false) -> 0.5 | K4: =vlookup($B$4,SEP!$A$37:$F$37,6,false) -> 0 | L4: =vlookup($B$4,OCT!$A$37:$F$37,6,false) -> 0 | M4: =vlookup($B$4,NOV!$A$37:$F$37,6,false) -> 0 | N4: =vlookup($B$4,DEC!$A$37:$F$37,6,false) -> 0
B5: AB26 | C5: =vlookup($B$5,JAN!$A$38:$F$38,6,false) -> 0.5 | D5: =vlookup($B$5,FEB!$A$38:$F$38,6,false) -> 0.5 | E5: =vlookup($B$5,MAR!$A$38:$F$38,6,false) -> 0 | F5: =vlookup($B$5,APR!$A$38:$F$38,6,false) -> 0.5 | G5: =vlookup($B$5,MAY!$A$38:$F$38,6,false) -> 0.5 | H5: =vlookup($B$5,JUN!$A$38:$F$38,6,false) -> 0.5 | I5: =vlookup($B$5,JUL!$A$38:$F$38,6,false) -> 0 | J5: =vlookup($B$5,AUG!$A$38:$F$38,6,false) -> 0.5 | K5: =vlookup($B$5,SEP!$A$38:$F$38,6,false) -> 0 | L5: =vlookup($B$5,OCT!$A$38:$F$38,6,false) -> 0 | M5: =vlookup($B$5,NOV!$A$38:$F$38,6,false) -> 0 | N5: =vlookup($B$5,DEC!$A$38:$F$38,6,false) -> 0
B6: AB28 | C6: =vlookup($B$100,JAN!$A$39:$F$39,6,false) -> 0 | D6: =vlookup($B$100,FEB!$A$39:$F$39,6,false) -> 0 | E6: =vlookup($B$100,MAR!$A$39:$F$39,6,false) -> 0 | F6: =vlookup($B$100,APR!$A$39:$F$39,6,false) -> 0 | G6: =vlookup($B$100,MAY!$A$39:$F$39,6,false) -> 0 | H6: =vlookup($B$100,JUN!$A$39:$F$39,6,false) -> 0 | I6: =vlookup($B$100,JUL!$A$39:$F$39,6,false) -> 0 | J6: =vlookup($B$100,AUG!$A$39:$F$39,6,false) -> 0 | K6: =vlookup($B$100,SEP!$A$39:$F$39,6,false) -> 0 | L6: =vlookup($B$100,OCT!$A$39:$F$39,6,false) -> 0 | M6: =vlookup($B$100,NOV!$A$39:$F$39,6,false) -> 0 | N6: =vlookup($B$100,DEC!$A$39:$F$39,6,false) -> 0
B7: BC17 | C7: =vlookup($B$7,JAN!$A$17:$F$17,6,false) -> 0.5 | D7: =vlookup($B$7,FEB!$A$17:$F$17,6,false) -> 0 | E7: =vlookup($B$7,MAR!$A$17:$F$17,6,false) -> 0.5 | F7: =vlookup($B$7,MAY!$A$17:$F$17,6,false) -> 0.5 | G7: =vlookup($B$7,MAY!$A$17:$F$17,6,false) -> 0.5 | H7: =vlookup($B$7,JUN!$A$17:$F$17,6,false) -> 0.5 | I7: =vlookup($B$7,JUL!$A$17:$F$17,6,false) -> 0.5 | J7: =vlookup($B$7,AUG!$A$17:$F$17,6,false) -> 0.5 | K7: =vlookup($B$7,SEP!$A$17:$F$17,6,false) -> 0.5 | L7: =vlookup($B$7,OCT!$A$17:$F$17,6,false) -> 0 | M7: =vlookup($B$7,NOV!$A$17:$F$17,6,false) -> 0 | N7: =vlookup($B$7,DEC!$A$17:$F$17,6,false) -> 0
B8: BC28 | C8: =vlookup($B$60,JAN!$A$25:$F$25,6,false) -> 0.5 | D8: =vlookup($B$60,FEB!$A$25:$F$25,6,false) -> 0.5 | E8: =vlookup($B$60,MAR!$A$25:$F$25,6,false) -> 0.5 | F8: =vlookup($B$60,APR!$A$25:$F$25,6,false) -> 0.5 | G8: =vlookup($B$60,MAY!$A$25:$F$25,6,false) -> 0 | H8: =vlookup($B$60,JUN!$A$25:$F$25,6,false) -> 0.5 | I8: =vlookup($B$60,JUL!$A$25:$F$25,6,false) -> 0.5 | J8: =vlookup($B$60,AUG!$A$25:$F$25,6,false) -> 0.5 | K8: =vlookup($B$60,SEP!$A$25:$F$25,6,false) -> 0 | L8: =vlookup($B$60,OCT!$A$25:$F$25,6,false) -> 0 | M8: =vlookup($B$60,NOV!$A$25:$F$25,6,false) -> 0 | N8: =vlookup($B$60,DEC!$A$25:$F$25,6,false) -> 0
A9: AVERAGE: | C9: =average(C3:C5) -> 0.33333333 | D9: =average(D3:D5) -> 0.33333333 | E9: =average(E3:E5) -> 0.33333333 | F9: =average(F3:F5) -> 0.5 | G9: =average(G3:G5) -> 0.33333333 | H9: =average(H3:H5) -> 0.33333333 | I9: =average(I3:I5) -> 0 | J9: =average(J3:J5) -> 0.5 | ... N9: =average(N3:N5) -> 0
A11: JAYSON | B11: BP | C11: JAN | D11: FEB | E11: MAR | F11: APR | G11: MAY | H11: JUN | I11: JUL | J11: AUG | K11: SEP | L11: OCT | M11: NOV | N11: DEC
B12: AB28 | C12: =vlookup($B$12,JAN!$A$39:$F$39,6,false) -> 0 | D12: =vlookup($B$12,FEB!$A$39:$F$39,6,false) -> 0 | E12: =vlookup($B$12,MAR!$A$39:$F$39,6,false) -> 0 | F12: =vlookup($B$12,APR!$A$39:$F$39,6,false) -> 0 | G12: =vlookup($B$12,MAY!$A$39:$F$39,6,false) -> 0 | H12: =vlookup($B$12,JUN!$A$39:$F$39,6,false) -> 0 | I12: =vlookup($B$12,JUL!$A$39:$F$39,6,false) -> 0 | J12: =vlookup($B$12,AUG!$A$39:$F$39,6,false) -> 0 | K12: =vlookup($B$12,SEP!$A$39:$F$39,6,false) -> 0 | L12: =vlookup($B$12,OCT!$A$39:$F$39,6,false) -> 0 | M12: =vlookup($B$12,NOV!$A$39:$F$39,6,false) -> 0 | N12: =vlookup($B$12,DEC!$A$39:$F$39,6,false) -> 0
B13: BC07 | C13: =vlookup($B$13,JAN!$A$10:$F$10,6,false) -> 0.5 | D13: =vlookup($B$13,FEB!$A$10:$F$10,6,false) -> 0.5 | E13: =vlookup($B$13,MAR!$A$10:$F$10,6,false) -> 0.5 | F13: 0.5 | G13: =vlookup($B$13,MAY!$A$10:$F$10,6,false) -> 0.5 | H13: =vlookup($B$13,JUN!$A$10:$F$10,6,false) -> 0.5 | I13: =vlookup($B$13,JUL!$A$10:$F$10,6,false) -> 0.5 | J13: =vlookup($B$13,AUG!$A$10:$F$10,6,false) -> 0.5 | K13: =vlookup($B$13,SEP!$A$10:$F$10,6,false) -> 0 | L13: =vlookup($B$13,OCT!$A$10:$F$10,6,false) -> 0 | M13: =vlookup($B$13,NOV!$A$10:$F$10,6,false) -> 0 | N13: =vlookup($B$13,DEC!$A$10:$F$10,6,false) -> 0
B14: BC10 | C14: =vlookup($B$14,JAN!$A$12:$F$12,6,false) -> 0.5 | D14: =vlookup($B$14,FEB!$A$12:$F$12,6,false) -> 0.5 | E14: =vlookup($B$14,MAR!$A$12:$F$12,6,false) -> 0.5 | F14: 0.5 | G14: =vlookup($B$14,MAY!$A$12:$F$12,6,false) -> 0.5 | H14: =vlookup($B$14,JUN!$A$12:$F$12,6,false) -> 0.5 | I14: =vlookup($B$14,JUL!$A$12:$F$12,6,false) -> 0.5 | J14: =vlookup($B$14,AUG!$A$12:$F$12,6,false) -> 0.5 | K14: =vlookup($B$14,SEP!$A$12:$F$12,6,false) -> 0.5 | L14: =vlookup($B$14,OCT!$A$12:$F$12,6,false) -> 0 | M14: =vlookup($B$14,NOV!$A$12:$F$12,6,false) -> 0 | N14: =vlookup($B$14,DEC!$A$12:$F$12,6,false) -> 0
A15: AVERAGE: | C15: =average(C12:C14) -> 0.33333333 | D15: =average(D12:D14) -> 0.33333333 | E15: =average(E12:E14) -> 0.33333333 | F15: =average(F12:F14) -> 0.33333333 | G15: =average(G12:G14) -> 0.33333333 | H15: =average(H12:H14) -> 0.33333333 | I15: =average(I12:I14) -> 0.33333333 | J15: =average(J12:J14) -> 0.33333333 | ... N15: =average(N12:N14) -> 0
A17: BRYLLE | B17: BP | C17: JAN | D17: FEB | E17: MAR | F17: APR | G17: MAY | H17: JUN | I17: JUL | J17: AUG | K17: SEP | L17: OCT | M17: NOV | N17: DEC
B18: AB00 | C18: =vlookup($B$18,JAN!$A$28:$F$28,6,false) -> 0.5 | D18: =vlookup($B$18,FEB!$A$28:$F$28,6,false) -> 0.5 | E18: =vlookup($B$18,MAR!$A$28:$F$28,6,false) -> 0.5 | F18: =vlookup($B$18,APR!$A$28:$F$28,6,false) -> 0.5 | G18: =vlookup($B$18,MAY!$A$28:$F$28,6,false) -> 0.5 | H18: =vlookup($B$18,JUN!$A$28:$F$28,6,false) -> 0.5 | I18: =vlookup($B$18,JUL!$A$28:$F$28,6,false) -> 0.5 | J18: =vlookup($B$18,AUG!$A$28:$F$28,6,false) -> 0.5 | K18: =vlookup($B$18,SEP!$A$28:$F$28,6,false) -> 0 | L18: =vlookup($B$18,OCT!$A$28:$F$28,6,false) -> 0 | M18: =vlookup($B$18,NOV!$A$28:$F$28,6,false) -> 0 | N18: =vlookup($B$18,DEC!$A$28:$F$28,6,false) -> 0
B19: AB01 | C19: =vlookup($B$19,JAN!$A$29:$F$29,6,false) -> 0.5 | D19: =vlookup($B$19,FEB!$A$29:$F$29,6,false) -> 0.5 | E19: =vlookup($B$19,MAR!$A$29:$F$29,6,false) -> 0.5 | F19: =vlookup($B$19,APR!$A$29:$F$29,6,false) -> 0.5 | G19: =vlookup($B$19,MAY!$A$29:$F$29,6,false) -> 0.5 | H19: =vlookup($B$19,JUN!$A$29:$F$29,6,false) -> 0.5 | I19: =vlookup($B$19,JUL!$A$29:$F$29,6,false) -> 0.5 | J19: =vlookup($B$19,AUG!$A$29:$F$29,6,false) -> 0.5 | K19: =vlookup($B$19,SEP!$A$29:$F$29,6,false) -> 0 | L19: =vlookup($B$19,OCT!$A$29:$F$29,6,false) -> 0 | M19: =vlookup($B$19,NOV!$A$29:$F$29,6,false) -> 0 | N19: =vlookup($B$19,DEC!$A$29:$F$29,6,false) -> 0
B20: AB13 | C20: =vlookup($B$20,JAN!$A$33:$F$33,6,false) -> 0 | D20: =vlookup($B$20,FEB!$A$33:$F$33,6,false) -> 0.5 | E20: =vlookup($B$20,MAR!$A$33:$F$33,6,false) -> 0.5 | F20: =vlookup($B$20,APR!$A$33:$F$33,6,false) -> 0.5 | G20: =vlookup($B$20,MAY!$A$33:$F$33,6,false) -> 0 | H20: =vlookup($B$20,JUN!$A$33:$F$33,6,false) -> 0.5 | I20: =vlookup($B$20,JUL!$A$33:$F$33,6,false) -> 0.5 | J20: =vlookup($B$20,AUG!$A$33:$F$33,6,false) -> 0.5 | K20: =vlookup($B$20,SEP!$A$33:$F$33,6,false) -> 0.5 | L20: =vlookup($B$20,OCT!$A$33:$F$33,6,false) -> 0 | M20: =vlookup($B$20,NOV!$A$33:$F$33,6,false) -> 0 | N20: =vlookup($B$20,DEC!$A$33:$F$33,6,false) -> 0
B21: BC05
B22: AB19 | C22: =vlookup($B$99,JAN!$A$35:$F$35,6,false) -> 0.5 | D22: =vlookup($B$99,FEB!$A$35:$F$35,6,false) -> 0 | E22: =vlookup($B$99,MAR!$A$35:$F$35,6,false) -> 0.5 | F22: =vlookup($B$99,APR!$A$35:$F$35,6,false) -> 0.5 | G22: =vlookup($B$99,MAY!$A$35:$F$35,6,false) -> 0.5 | H22: =vlookup($B$99,JUN!$A$35:$F$35,6,false) -> 0 | I22: =vlookup($B$99,JUL!$A$35:$F$35,6,false) -> 0 | J22: =vlookup($B$99,AUG!$A$35:$F$35,6,false) -> 0.5 | K22: =vlookup($B$99,SEP!$A$35:$F$35,6,false) -> 0 | L22: =vlookup($B$99,OCT!$A$35:$F$35,6,false) -> 0 | M22: =vlookup($B$99,NOV!$A$35:$F$35,6,false) -> 0 | N22: =vlookup($B$99,DEC!$A$35:$F$35,6,false) -> 0
B23: BC04 | C23: =vlookup($B$23,JAN!$A$8:$F$8,6,false) -> 0.5 | D23: =vlookup($B$23,FEB!$A$8:$F$8,6,false) -> 0.5 | E23: =vlookup($B$23,MAR!$A$8:$F$8,6,false) -> 0.5 | F23: =vlookup($B$23,APR!$A$8:$F$8,6,false) -> 0.5 | G23: =vlookup($B$23,MAY!$A$8:$F$8,6,false) -> 0 | H23: =vlookup($B$23,JUN!$A$8:$F$8,6,false) -> 0.5 | I23: =vlookup($B$23,JUL!$A$8:$F$8,6,false) -> 0.5 | J23: =vlookup($B$23,AUG!$A$8:$F$8,6,false) -> 0.5 | K23: =vlookup($B$23,SEP!$A$8:$F$8,6,false) -> 0.5 | L23: =vlookup($B$23,OCT!$A$8:$F$8,6,false) -> 0 | M23: =vlookup($B$23,NOV!$A$8:$F$8,6,false) -> 0 | N23: =vlookup($B$23,DEC!$A$8:$F$8,6,false) -> 0
B24: BC14 | C24: =vlookup($B$24,JAN!$A$15:$F$15,6,false) -> 0 | D24: =vlookup($B$24,FEB!$A$15:$F$15,6,false) -> 0.5 | E24: =vlookup($B$24,MAR!$A$15:$F$15,6,false) -> 0.5 | F24: =vlookup($B$24,APR!$A$15:$F$15,6,false) -> 0.5 | G24: =vlookup($B$24,MAY!$A$15:$F$15,6,false) -> 0 | H24: =vlookup($B$24,JUN!$A$15:$F$15,6,false) -> 0.5 | I24: =vlookup($B$24,JUL!$A$15:$F$15,6,false) -> 0.5 | J24: =vlookup($B$24,AUG!$A$15:$F$15,6,false) -> 0.5 | K24: =vlookup($B$24,SEP!$A$15:$F$15,6,false) -> 0.5 | L24: =vlookup($B$24,OCT!$A$15:$F$15,6,false) -> 0 | M24: =vlookup($B$24,NOV!$A$15:$F$15,6,false) -> 0 | N24: =vlookup($B$24,DEC!$A$15:$F$15,6,false) -> 0
B25: BC15 | C25: =vlookup($B$25,JAN!$A$16:$F$16,6,false) -> 0.5 | D25: =vlookup($B$25,FEB!$A$16:$F$16,6,false) -> 0.5 | E25: =vlookup($B$25,MAR!$A$16:$F$16,6,false) -> 0.5 | F25: =vlookup($B$25,APR!$A$16:$F$16,6,false) -> 0.5 | G25: =vlookup($B$25,MAY!$A$16:$F$16,6,false) -> 0.5 | H25: =vlookup($B$25,JUN!$A$16:$F$16,6,false) -> 0 | I25: =vlookup($B$25,JUL!$A$16:$F$16,6,false) -> 0.5 | J25: =vlookup($B$25,AUG!$A$16:$F$16,6,false) -> 0.5 | K25: =vlookup($B$25,SEP!$A$16:$F$16,6,false) -> 0.5 | L25: =vlookup($B$25,OCT!$A$16:$F$16,6,false) -> 0 | M25: =vlookup($B$25,NOV!$A$16:$F$16,6,false) -> 0 | N25: =vlookup($B$25,DEC!$A$16:$F$16,6,false) -> 0
B26: BC19 | D26: =vlookup($B$32,FEB!$A$18:$F$18,6,false) -> 0.5 | E26: =vlookup($B$32,MAR!$A$18:$F$18,6,false) -> 0.5 | F26: =vlookup($B$32,APR!$A$18:$F$18,6,false) -> 0.5 | G26: =vlookup($B$32,MAY!$A$18:$F$18,6,false) -> 0.5 | H26: =vlookup($B$32,JUN!$A$18:$F$18,6,false) -> 0 | I26: =vlookup($B$32,JUL!$A$18:$F$18,6,false) -> 0.5 | J26: =vlookup($B$32,AUG!$A$18:$F$18,6,false) -> 0.5 | K26: =vlookup($B$32,SEP!$A$18:$F$18,6,false) -> 0 | L26: =vlookup($B$32,OCT!$A$18:$F$18,6,false) -> 0 | M26: =vlookup($B$32,NOV!$A$18:$F$18,6,false) -> 0 | N26: =vlookup($B$32,DEC!$A$18:$F$18,6,false) -> 0
A27: AVERAGE: | C27: =average(C18:C27) -> 0.35714286 | D27: =average(D18:D27) -> 0.4375 | E27: =average(E18:E27) -> 0.5 | F27: =average(F18:F27) -> 0.5 | G27: =average(G18:G27) -> 0.3125 | H27: =average(H18:H27) -> 0.3125 | I27: =average(I18:I27) -> 0.4375 | J27: =average(J18:J27) -> 0.5 | ... N27: =average(N18:N27) -> 0
A29: JESSIE | B29: BP | C29: JAN | D29: FEB | E29: MAR | F29: APR | G29: MAY | H29: JUN | I29: JUL | J29: AUG | K29: SEP | L29: OCT | M29: NOV | N29: DEC
B30: AB04 | C30: =vlookup($B$30,JAN!$A$30:$F$30,6,false) -> 0.5 | D30: =vlookup($B$30,FEB!$A$30:$F$30,6,false) -> 0.5 | E30: =vlookup($B$30,MAR!$A$30:$F$30,6,false) -> 0.5 | F30: =vlookup($B$30,APR!$A$30:$F$30,6,false) -> 0.5 | G30: =vlookup($B$30,MAY!$A$30:$F$30,6,false) -> 0.5 | H30: =vlookup($B$30,JUN!$A$30:$F$30,6,false) -> 0.5 | I30: =vlookup($B$30,JUL!$A$30:$F$30,6,false) -> 0.5 | J30: =vlookup($B$30,AUG!$A$30:$F$30,6,false) -> 0.5 | K30: =vlookup($B$30,SEP!$A$30:$F$30,6,false) -> 0.5 | L30: =vlookup($B$30,OCT!$A$30:$F$30,6,false) -> 0 | M30: =vlookup($B$30,NOV!$A$30:$F$30,6,false) -> 0 | N30: =vlookup($B$30,DEC!$A$30:$F$30,6,false) -> 0
B31: AB22 | C31: =vlookup($B$40,JAN!$A$36:$F$36,6,false) -> 0.5 | D31: =vlookup($B$40,FEB!$A$36:$F$36,6,false) -> 0.5 | E31: =vlookup($B$40,MAR!$A$36:$F$36,6,false) -> 0.5 | F31: =vlookup($B$40,APR!$A$36:$F$36,6,false) -> 0.5 | G31: =vlookup($B$40,MAY!$A$36:$F$36,6,false) -> 0 | H31: =vlookup($B$40,JUN!$A$36:$F$36,6,false) -> 0 | I31: =vlookup($B$40,JUL!$A$36:$F$36,6,false) -> 0 | K31: =vlookup($B$40,SEP!$A$36:$F$36,6,false) -> 0 | L31: =vlookup($B$40,OCT!$A$36:$F$36,6,false) -> 0 | M31: =vlookup($B$40,NOV!$A$36:$F$36,6,false) -> 0 | N31: =vlookup($B$40,DEC!$A$36:$F$36,6,false) -> 0
B32: BC19
B33: BC24 | C33: =vlookup($B$33,JAN!$A$22:$F$22,6,false) -> 0.5 | D33: =vlookup($B$33,FEB!$A$22:$F$22,6,false) -> 0 | E33: =vlookup($B$33,MAR!$A$22:$F$22,6,false) -> 0.5 | F33: =vlookup($B$33,APR!$A$22:$F$22,6,false) -> 0.5 | G33: =vlookup($B$33,MAY!$A$22:$F$22,6,false) -> 0.5 | H33: =vlookup($B$33,JUN!$A$22:$F$22,6,false) -> 0.5 | I33: =vlookup($B$33,JUL!$A$22:$F$22,6,false) -> 0.5 | J33: =vlookup($B$33,AUG!$A$22:$F$22,6,false) -> 0 | K33: =vlookup($B$33,SEP!$A$22:$F$22,6,false) -> 0 | L33: =vlookup($B$33,OCT!$A$22:$F$22,6,false) -> 0 | M33: =vlookup($B$33,NOV!$A$22:$F$22,6,false) -> 0 | N33: =vlookup($B$33,DEC!$A$22:$F$22,6,false) -> 0
B34: BC25 | C34: =vlookup($B$34,JAN!$A$5:$F$25,6,false) -> 0.5 | D34: =vlookup($B$34,FEB!$A$5:$F$24,6,false) -> 0.5 | E34: =vlookup($B$34,MAR!$A$5:$F$25,6,false) -> 0.5 | F34: =vlookup($B$34,APR!$A$5:$F$25,6,false) -> 0.5 | G34: =vlookup($B$34,MAY!$A$5:$F$25,6,false) -> 0.5 | H34: =vlookup($B$34,JUN!$A$5:$F$25,6,false) -> 0.5 | I34: =vlookup($B$34,JUL!$A$5:$F$25,6,false) -> 0.5 | J34: =vlookup($B$34,AUG!$A$5:$F$25,6,false) -> 0.5 | K34: =vlookup($B$34,SEP!$A$5:$F$25,6,false) -> 0 | L34: =vlookup($B$34,OCT!$A$5:$F$25,6,false) -> 0 | M34: =vlookup($B$34,NOV!$A$5:$F$25,6,false) -> 0 | N34: =vlookup($B$34,DEC!$A$5:$F$25,6,false) -> 0
B35: BC27 | C35: =vlookup($B$35,JAN!$A$5:$F$25,6,false) -> 0.5 | D35: =vlookup($B$35,FEB!$A$5:$F$24,6,false) -> 0.5 | E35: =vlookup($B$35,MAR!$A$5:$F$24,6,false) -> 0.5 | F35: =vlookup($B$35,APR!$A$5:$F$25,6,false) -> 0.5 | G35: =vlookup($B$35,MAY!$A$5:$F$25,6,false) -> 0.5 | H35: =vlookup($B$35,JUN!$A$5:$F$25,6,false) -> 0.5 | I35: =vlookup($B$35,JUL!$A$5:$F$25,6,false) -> 0 | J35: =vlookup($B$35,AUG!$A$5:$F$25,6,false) -> 0 | K35: =vlookup($B$35,SEP!$A$5:$F$25,6,false) -> 0 | L35: =vlookup($B$35,OCT!$A$5:$F$25,6,false) -> 0 | M35: =vlookup($B$35,NOV!$A$5:$F$25,6,false) -> 0 | N35: =vlookup($B$35,DEC!$A$5:$F$25,6,false) -> 0
A36: AVERAGE: | C36: =average(C30:C36) -> 0.5 | D36: =average(D30,D33:D35) -> 0.375 | E36: =average(E30,E33:E35) -> 0.5 | F36: =average(F30,F33:F35) -> 0.5 | G36: =average(G30,G33:G35) -> 0.5 | H36: =average(H30,H33:H35) -> 0.5 | I36: =average(I30,I33:I35) -> 0.375 | J36: =average(J30,J33:J35) -> 0.25 | K36: =average(K30,K33:K35) -> 0.125 | ... N36: =average(N30,N33:N35) -> 0
A38: JESSELE | B38: BP | C38: JAN | D38: FEB | E38: MAR | F38: APR | G38: MAY | H38: JUN | I38: JUL | J38: AUG | K38: SEP | L38: OCT | M38: NOV | N38: DEC
B39: AB13 | C39: =vlookup($B$39,JAN!$A$33:$F$33,6,false) -> 0 | D39: =vlookup($B$39,FEB!$A$33:$F$33,6,false) -> 0.5 | E39: =vlookup($B$39,MAR!$A$33:$F$33,6,false) -> 0.5 | F39: =vlookup($B$39,MAY!$A$33:$F$33,6,false) -> 0 | G39: =vlookup($B$39,MAY!$A$33:$F$33,6,false) -> 0 | H39: =vlookup($B$39,JUN!$A$33:$F$33,6,false) -> 0.5 | I39: =vlookup($B$39,JUL!$A$33:$F$33,6,false) -> 0.5 | J39: =vlookup($B$39,AUG!$A$33:$F$33,6,false) -> 0.5 | K39: =vlookup($B$39,SEP!$A$33:$F$33,6,false) -> 0.5 | L39: =vlookup($B$39,OCT!$A$33:$F$33,6,false) -> 0 | M39: =vlookup($B$39,NOV!$A$33:$F$33,6,false) -> 0 | N39: =vlookup($B$39,DEC!$A$33:$F$33,6,false) -> 0
B40: AB22 | C40: =vlookup($B$40,JAN!$A$36:$F$36,6,false) -> 0.5 | D40: =vlookup($B$40,FEB!$A$36:$F$36,6,false) -> 0.5 | E40: =vlookup($B$40,MAR!$A$36:$F$36,6,false) -> 0.5 | F40: =vlookup($B$40,APR!$A$36:$F$36,6,false) -> 0.5 | G40: =vlookup($B$40,MAY!$A$36:$F$36,6,false) -> 0 | H40: =vlookup($B$40,JUN!$A$36:$F$36,6,false) -> 0 | I40: =vlookup($B$40,JUL!$A$36:$F$36,6,false) -> 0 | J40: =vlookup($B$40,AUG!$A$36:$F$36,6,false) -> 0.5 | K40: =vlookup($B$40,SEP!$A$36:$F$36,6,false) -> 0 | L40: =vlookup($B$40,OCT!$A$36:$F$36,6,false) -> 0 | M40: =vlookup($B$40,NOV!$A$36:$F$36,6,false) -> 0 | N40: =vlookup($B$40,DEC!$A$36:$F$36,6,false) -> 0
B41: BC00 | C41: =vlookup($B$41,JAN!$A$5:$F$5,6,false) -> 0.5 | D41: =vlookup($B$41,FEB!$A$5:$F$5,6,false) -> 0 | E41: =vlookup($B$41,MAR!$A$5:$F$5,6,false) -> 0.5 | F41: =vlookup($B$41,APR!$A$5:$F$5,6,false) -> 0.5 | G41: =vlookup($B$41,MAY!$A$5:$F$5,6,false) -> 0.5 | H41: =vlookup($B$41,JUN!$A$5:$F$5,6,false) -> 0.5 | I41: =vlookup($B$41,JUL!$A$5:$F$5,6,false) -> 0.5 | J41: =vlookup($B$41,AUG!$A$5:$F$5,6,false) -> 0.5 | K41: =vlookup($B$41,SEP!$A$5:$F$5,6,false) -> 0 | L41: =vlookup($B$41,OCT!$A$5:$F$5,6,false) -> 0 | M41: =vlookup($B$41,NOV!$A$5:$F$5,6,false) -> 0 | N41: =vlookup($B$41,DEC!$A$5:$F$5,6,false) -> 0
B42: BC01 | C42: =vlookup($B$42,JAN!$A$6:$F$6,6,false) -> 0.5 | D42: =vlookup($B$42,FEB!$A$6:$F$6,6,false) -> 0 | E42: =vlookup($B$42,MAR!$A$6:$F$6,6,false) -> 0.5 | F42: =vlookup($B$42,APR!$A$6:$F$6,6,false) -> 0.5 | G42: =vlookup($B$42,MAY!$A$6:$F$6,6,false) -> 0.5 | H42: =vlookup($B$42,JUN!$A$6:$F$6,6,false) -> 0.5 | I42: =vlookup($B$42,JUL!$A$6:$F$6,6,false) -> 0.5 | J42: =vlookup($B$42,AUG!$A$6:$F$6,6,false) -> 0.5 | K42: =vlookup($B$42,SEP!$A$6:$F$6,6,false) -> 0 | L42: =vlookup($B$42,OCT!$A$6:$F$6,6,false) -> 0 | M42: =vlookup($B$42,NOV!$A$6:$F$6,6,false) -> 0 | N42: =vlookup($B$42,DEC!$A$6:$F$6,6,false) -> 0
B43: BC03
A44: AVERAGE: | C44: =average(C39:C42) -> 0.375 | D44: =average(D39:D42) -> 0.25 | E44: =average(E39:E42) -> 0.5 | F44: =average(F39:F42) -> 0.375 | G44: =average(G39:G42) -> 0.25 | H44: =average(H39:H42) -> 0.375 | I44: =average(I39:I42) -> 0.375 | J44: =average(J39:J42) -> 0.5 | ... N44: =average(N39:N42) -> 0
B46: BP | C46: JAN | D46: FEB | E46: MAR | F46: APR | G46: MAY | H46: JUN | I46: JUL | J46: AUG | K46: SEP | L46: OCT | M46: NOV | N46: DEC
B47: BC09
A48: SARAH | B48: BC20 | C48: =vlookup($B$48,JAN!$A$19:$F$19,6,false) -> 0.5 | D48: =vlookup($B$48,FEB!$A$19:$F$19,6,false) -> 0 | E48: =vlookup($B$48,MAR!$A$19:$F$19,6,false) -> 0.5 | F48: =vlookup($B$48,APR!$A$19:$F$19,6,false) -> 0.5 | G48: =vlookup($B$48,MAY!$A$19:$F$19,6,false) -> 0.5 | H48: =vlookup($B$48,JUN!$A$19:$F$19,6,false) -> 0.5 | I48: =vlookup($B$48,JUL!$A$19:$F$19,6,false) -> 0.5 | J48: =vlookup($B$48,AUG!$A$19:$F$19,6,false) -> 0.5 | K48: =vlookup($B$48,SEP!$A$19:$F$19,6,false) -> 0 | L48: =vlookup($B$48,OCT!$A$19:$F$19,6,false) -> 0 | M48: =vlookup($B$48,NOV!$A$19:$F$19,6,false) -> 0 | N48: =vlookup($B$48,DEC!$A$19:$F$19,6,false) -> 0
B49: BC05 | C49: =vlookup($B$21,JAN!$A$9:$F$9,6,false) -> 0.5 | D49: =vlookup($B$21,FEB!$A$9:$F$9,6,false) -> 0.5 | E49: =vlookup($B$21,MAR!$A$9:$F$9,6,false) -> 0.5 | F49: =vlookup($B$21,APR!$A$9:$F$9,6,false) -> 0.5 | G49: =vlookup($B$21,MAY!$A$9:$F$9,6,false) -> 0.5 | H49: =vlookup($B$21,JUN!$A$9:$F$9,6,false) -> 0.5 | I49: =vlookup($B$21,JUL!$A$9:$F$9,6,false) -> 0.5 | J49: =vlookup($B$21,AUG!$A$9:$F$9,6,false) -> 0.5 | K49: =vlookup($B$21,SEP!$A$9:$F$9,6,false) -> 0 | L49: =vlookup($B$21,OCT!$A$9:$F$9,6,false) -> 0 | M49: =vlookup($B$21,NOV!$A$9:$F$9,6,false) -> 0 | N49: =vlookup($B$21,DEC!$A$9:$F$9,6,false) -> 0
B50: BC24 | C50: =vlookup($B$50,JAN!$A$22:$F$22,6,false) -> 0.5 | D50: =vlookup($B$50,FEB!$A$22:$F$22,6,false) -> 0 | E50: =vlookup($B$50,MAR!$A$22:$F$22,6,false) -> 0.5 | F50: =vlookup($B$50,APR!$A$22:$F$22,6,false) -> 0.5 | G50: =vlookup($B$50,MAY!$A$22:$F$22,6,false) -> 0.5 | H50: =vlookup($B$50,JUN!$A$22:$F$22,6,false) -> 0.5 | I50: =vlookup($B$50,JUL!$A$22:$F$22,6,false) -> 0.5 | J50: =vlookup($B$50,AUG!$A$22:$F$22,6,false) -> 0 | K50: =vlookup($B$50,SEP!$A$22:$F$22,6,false) -> 0 | L50: =vlookup($B$50,OCT!$A$22:$F$22,6,false) -> 0 | M50: =vlookup($B$50,NOV!$A$22:$F$22,6,false) -> 0 | N50: =vlookup($B$50,DEC!$A$22:$F$22,6,false) -> 0
B51: BC28 | C51: =vlookup($B$51,JAN!$A$25:$F$25,6,false) -> 0.5 | D51: =vlookup($B$51,FEB!$A$25:$F$25,6,false) -> 0.5 | E51: =vlookup($B$51,MAR!$A$25:$F$25,6,false) -> 0.5 | F51: =vlookup($B$51,APR!$A$25:$F$25,6,false) -> 0.5 | G51: =vlookup($B$51,MAY!$A$25:$F$25,6,false) -> 0 | H51: =vlookup($B$51,JUN!$A$25:$F$25,6,false) -> 0.5 | I51: =vlookup($B$51,JUL!$A$25:$F$25,6,false) -> 0.5 | J51: =vlookup($B$51,AUG!$A$25:$F$25,6,false) -> 0.5 | K51: =vlookup($B$51,SEP!$A$25:$F$25,6,false) -> 0 | L51: =vlookup($B$51,OCT!$A$25:$F$25,6,false) -> 0 | M51: =vlookup($B$51,NOV!$A$25:$F$25,6,false) -> 0 | N51: =vlookup($B$51,DEC!$A$25:$F$25,6,false) -> 0
B52: AB28 | C52: =vlookup($B$100,JAN!$A$39:$F$39,6,false) -> 0 | D52: =vlookup($B$100,FEB!$A$39:$F$39,6,false) -> 0 | E52: =vlookup($B$100,MAR!$A$39:$F$39,6,false) -> 0 | F52: =vlookup($B$100,APR!$A$39:$F$39,6,false) -> 0 | G52: =vlookup($B$100,MAY!$A$39:$F$39,6,false) -> 0 | H52: =vlookup($B$100,JUN!$A$39:$F$39,6,false) -> 0 | I52: =vlookup($B$100,JUL!$A$39:$F$39,6,false) -> 0 | J52: =vlookup($B$100,AUG!$A$39:$F$39,6,false) -> 0 | K52: =vlookup($B$100,SEP!$A$39:$F$39,6,false) -> 0 | L52: =vlookup($B$100,OCT!$A$39:$F$39,6,false) -> 0 | M52: =vlookup($B$100,NOV!$A$39:$F$39,6,false) -> 0 | N52: =vlookup($B$100,DEC!$A$39:$F$39,6,false) -> 0
A53: AVERAGE: | C53: =average(C48:C52) -> 0.4 | D53: =average(D48:D52) -> 0.2 | E53: =average(E48:E52) -> 0.4 | F53: =average(F48:F52) -> 0.4 | G53: =average(G48:G52) -> 0.3 | H53: =average(H48:H52) -> 0.4 | I53: =average(I48:I52) -> 0.4 | J53: =average(J48:J52) -> 0.3 | ... N53: =average(N48:N52) -> 0
B54: BC05 | C54: =vlookup($B$21,JAN!$A$9:$F$9,6,false) -> 0.5 | D54: =vlookup($B$21,FEB!$A$9:$F$9,6,false) -> 0.5 | E54: =vlookup($B$21,MAR!$A$9:$F$9,6,false) -> 0.5 | F54: =vlookup($B$21,APR!$A$9:$F$9,6,false) -> 0.5 | G54: =vlookup($B$21,MAY!$A$9:$F$9,6,false) -> 0.5 | H54: =vlookup($B$21,JUN!$A$9:$F$9,6,false) -> 0.5 | I54: =vlookup($B$21,JUL!$A$9:$F$9,6,false) -> 0.5 | J54: =vlookup($B$21,AUG!$A$9:$F$9,6,false) -> 0.5 | K54: =vlookup($B$21,SEP!$A$9:$F$9,6,false) -> 0 | L54: =vlookup($B$21,OCT!$A$9:$F$9,6,false) -> 0 | M54: =vlookup($B$21,NOV!$A$9:$F$9,6,false) -> 0 | N54: =vlookup($B$21,DEC!$A$9:$F$9,6,false) -> 0
A56: ARVIN | B56: BP | C56: JAN | D56: FEB | E56: MAR | F56: APR | G56: MAY | H56: JUN | I56: JUL | J56: AUG | K56: SEP | L56: OCT | M56: NOV | N56: DEC
B57: BC23 | C57: =vlookup($B$57,JAN!$A$21:$F$21,6,false) -> 0.5 | D57: =vlookup($B$57,FEB!$A$21:$F$21,6,false) -> 0.5 | E57: =vlookup($B$57,MAR!$A$21:$F$21,6,false) -> 0.5 | F57: =vlookup($B$57,APR!$A$21:$F$21,6,false) -> 0.5 | G57: =vlookup($B$57,MAY!$A$21:$F$21,6,false) -> 0.5 | H57: =vlookup($B$57,JUN!$A$21:$F$21,6,false) -> 0.5 | I57: =vlookup($B$57,JUL!$A$21:$F$21,6,false) -> 0.5 | J57: =vlookup($B$57,AUG!$A$21:$F$21,6,false) -> 0.5 | K57: =vlookup($B$57,SEP!$A$21:$F$21,6,false) -> 0 | L57: =vlookup($B$57,OCT!$A$21:$F$21,6,false) -> 0 | M57: =vlookup($B$57,NOV!$A$21:$F$21,6,false) -> 0 | N57: =vlookup($B$57,DEC!$A$21:$F$21,6,false) -> 0
B58: BC25 | C58: =vlookup($B$58,JAN!$A$23:$F$23,6,false) -> 0.5 | D58: =vlookup($B$58,FEB!$A$23:$F$23,6,false) -> 0.5 | E58: =vlookup($B$58,MAR!$A$23:$F$23,6,false) -> 0.5 | F58: =vlookup($B$58,APR!$A$23:$F$23,6,false) -> 0.5 | G58: =vlookup($B$58,MAY!$A$23:$F$23,6,false) -> 0.5 | H58: =vlookup($B$58,JUN!$A$23:$F$23,6,false) -> 0.5 | I58: =vlookup($B$58,JUL!$A$23:$F$23,6,false) -> 0.5 | J58: =vlookup($B$58,AUG!$A$23:$F$23,6,false) -> 0.5 | K58: =vlookup($B$58,SEP!$A$23:$F$23,6,false) -> 0 | L58: =vlookup($B$58,OCT!$A$23:$F$23,6,false) -> 0 | M58: =vlookup($B$58,NOV!$A$23:$F$23,6,false) -> 0 | N58: =vlookup($B$58,DEC!$A$23:$F$23,6,false) -> 0
B59: BC03 | C59: =vlookup($B$101,JAN!$A$7:$F$7,6,false) -> 0.5 | D59: =vlookup($B$101,FEB!$A$7:$F$7,6,false) -> 0.5 | E59: =vlookup($B$101,MAR!$A$7:$F$7,6,false) -> 0.5 | F59: =vlookup($B$101,APR!$A$7:$F$7,6,false) -> 0.5 | G59: =vlookup($B$101,MAY!$A$7:$F$7,6,false) -> 0.5 | H59: =vlookup($B$101,JUN!$A$7:$F$7,6,false) -> 0.5 | I59: =vlookup($B$101,JUL!$A$7:$F$7,6,false) -> 0.5 | J59: =vlookup($B$101,AUG!$A$7:$F$7,6,false) -> 0.5 | K59: =vlookup($B$101,SEP!$A$7:$F$7,6,false) -> 0.5 | L59: =vlookup($B$101,OCT!$A$7:$F$7,6,false) -> 0 | M59: =vlookup($B$101,NOV!$A$7:$F$7,6,false) -> 0 | N59: =vlookup($B$101,DEC!$A$7:$F$7,6,false) -> 0
B60: BC28 | C60: =vlookup($B$60,JAN!$A$25:$F$25,6,false) -> 0.5 | D60: =vlookup($B$60,FEB!$A$25:$F$25,6,false) -> 0.5 | E60: =vlookup($B$60,MAR!$A$25:$F$25,6,false) -> 0.5 | F60: =vlookup($B$60,APR!$A$25:$F$25,6,false) -> 0.5 | G60: =vlookup($B$60,MAY!$A$25:$F$25,6,false) -> 0 | H60: =vlookup($B$60,JUN!$A$25:$F$25,6,false) -> 0.5 | I60: =vlookup($B$60,JUL!$A$25:$F$25,6,false) -> 0.5 | J60: =vlookup($B$60,AUG!$A$25:$F$25,6,false) -> 0.5 | K60: =vlookup($B$60,SEP!$A$25:$F$25,6,false) -> 0 | L60: =vlookup($B$60,OCT!$A$25:$F$25,6,false) -> 0 | M60: =vlookup($B$60,NOV!$A$25:$F$25,6,false) -> 0 | N60: =vlookup($B$60,DEC!$A$25:$F$25,6,false) -> 0
B61: BC20 | C61: =vlookup($B$48,JAN!$A$19:$F$19,6,false) -> 0.5 | D61: =vlookup($B$48,FEB!$A$19:$F$19,6,false) -> 0 | E61: =vlookup($B$48,MAR!$A$19:$F$19,6,false) -> 0.5 | F61: =vlookup($B$48,APR!$A$19:$F$19,6,false) -> 0.5 | G61: =vlookup($B$48,MAY!$A$19:$F$19,6,false) -> 0.5 | H61: =vlookup($B$48,JUN!$A$19:$F$19,6,false) -> 0.5 | I61: =vlookup($B$48,JUL!$A$19:$F$19,6,false) -> 0.5 | J61: =vlookup($B$48,AUG!$A$19:$F$19,6,false) -> 0.5 | K61: =vlookup($B$48,SEP!$A$19:$F$19,6,false) -> 0 | L61: =vlookup($B$48,OCT!$A$19:$F$19,6,false) -> 0 | M61: =vlookup($B$48,NOV!$A$19:$F$19,6,false) -> 0 | N61: =vlookup($B$48,DEC!$A$19:$F$19,6,false) -> 0
B62: AB10 | C62: =vlookup($B$113,JAN!$A$32:$F$32,6,false) -> 0.5 | D62: =vlookup($B$113,FEB!$A$32:$F$32,6,false) -> 0.5 | E62: =vlookup($B$113,MAR!$A$32:$F$32,6,false) -> 0.5 | F62: =vlookup($B$113,APR!$A$32:$F$32,6,false) -> 0.5 | G62: =vlookup($B$113,MAY!$A$32:$F$32,6,false) -> 0.5 | H62: =vlookup($B$113,JUN!$A$32:$F$32,6,false) -> 0.5 | I62: =vlookup($B$113,JUL!$A$32:$F$32,6,false) -> 0.5 | J62: =vlookup($B$101,AUG!$A$7:$F$7,6,false) -> 0.5 | K62: =vlookup($B$113,SEP!$A$32:$F$32,6,false) -> 0.5 | L62: =vlookup($B$113,OCT!$A$32:$F$32,6,false) -> 0 | M62: =vlookup($B$113,NOV!$A$32:$F$32,6,false) -> 0 | N62: =vlookup($B$113,DEC!$A$32:$F$32,6,false) -> 0
A63: AVERAGE: | C63: =average(C57:C59) -> 0.5 | D63: =average(D57:D59) -> 0.5 | E63: =average(E57:E59) -> 0.5 | F63: =average(F57:F59) -> 0.5 | G63: =average(G57:G59) -> 0.5 | H63: =average(H57:H59) -> 0.5 | I63: =average(I57:I59) -> 0.5 | J63: =average(J57:J62) -> 0.5 | K63: =average(K57:K62) -> 0.16666667 | L63: =average(L57:L62) -> 0 | M63: =average(M57:M62) -> 0 | N63: =average(N57:N62) -> 0
A65: KIM | B65: BP | C65: JAN | D65: FEB | E65: MAR | F65: APR | G65: MAY | H65: JUN | I65: JUL | J65: AUG | K65: SEP | L65: OCT | M65: NOV | N65: DEC
B66: AB10 | C66: =vlookup($B$66,JAN!$A$32:$F$32,6,false) -> 0.5 | D66: =vlookup($B$66,FEB!$A$32:$F$32,6,false) -> 0.5 | E66: =vlookup($B$66,MAR!$A$32:$F$32,6,false) -> 0.5 | F66: =vlookup($B$66,APR!$A$32:$F$32,6,false) -> 0.5 | G66: =vlookup($B$66,MAY!$A$32:$F$32,6,false) -> 0.5 | H66: =vlookup($B$66,JUN!$A$32:$F$32,6,false) -> 0.5 | I66: =vlookup($B$66,JUL!$A$32:$F$32,6,false) -> 0.5 | J66: =vlookup($B$66,AUG!$A$32:$F$32,6,false) -> 0 | K66: =vlookup($B$66,SEP!$A$32:$F$32,6,false) -> 0.5 | L66: =vlookup($B$66,OCT!$A$32:$F$32,6,false) -> 0 | M66: =vlookup($B$66,NOV!$A$32:$F$32,6,false) -> 0 | N66: =vlookup($B$66,DEC!$A$32:$F$32,6,false) -> 0
A68: GELO | B68: BP | C68: JAN | D68: FEB | E68: MAR | F68: APR | G68: MAY | H68: JUN | I68: JUL | J68: AUG | K68: SEP | L68: OCT | M68: NOV | N68: DEC
B69: BC13 | C69: =vlookup($B$69,JAN!$A$14:$F$14,6,false) -> 0.5 | D69: =vlookup($B$69,FEB!$A$14:$F$14,6,false) -> 0.5 | E69: =vlookup($B$69,MAR!$A$14:$F$14,6,false) -> 0.5 | F69: =vlookup($B$69,APR!$A$14:$F$14,6,false) -> 0.5 | G69: =vlookup($B$69,MAY!$A$14:$F$14,6,false) -> 0 | H69: =vlookup($B$69,JUN!$A$14:$F$14,6,false) -> 0.5 | I69: =vlookup($B$69,JUL!$A$14:$F$14,6,false) -> 0.5 | J69: =vlookup($B$69,AUG!$A$14:$F$14,6,false) -> 0.5 | K69: =vlookup($B$69,SEP!$A$14:$F$14,6,false) -> 0.5 | L69: =vlookup($B$69,OCT!$A$14:$F$14,6,false) -> 0 | M69: =vlookup($B$69,NOV!$A$14:$F$14,6,false) -> 0 | N69: =vlookup($B$69,DEC!$A$14:$F$14,6,false) -> 0
B70: BC17 | C70: =vlookup($B$70,JAN!$A$17:$F$17,6,false) -> 0.5 | D70: =vlookup($B$70,FEB!$A$17:$F$17,6,false) -> 0 | E70: =vlookup($B$70,MAR!$A$17:$F$17,6,false) -> 0.5 | F70: =vlookup($B$70,APR!$A$17:$F$17,6,false) -> 0.5 | G70: =vlookup($B$70,MAY!$A$17:$F$17,6,false) -> 0.5 | H70: =vlookup($B$70,JUN!$A$17:$F$17,6,false) -> 0.5 | I70: =vlookup($B$70,JUL!$A$17:$F$17,6,false) -> 0.5 | J70: =vlookup($B$70,AUG!$A$17:$F$17,6,false) -> 0.5 | K70: =vlookup($B$70,SEP!$A$17:$F$17,6,false) -> 0.5 | L70: =vlookup($B$70,OCT!$A$17:$F$17,6,false) -> 0 | M70: =vlookup($B$70,NOV!$A$17:$F$17,6,false) -> 0 | N70: =vlookup($B$70,DEC!$A$17:$F$17,6,false) -> 0
B71: BC21 | C71: =vlookup($B$71,JAN!$A$20:$F$20,6,false) -> 0.5 | D71: =vlookup($B$71,FEB!$A$20:$F$20,6,false) -> 0.5 | E71: =vlookup($B$71,MAR!$A$20:$F$20,6,false) -> 0.5 | F71: =vlookup($B$71,APR!$A$20:$F$20,6,false) -> 0.5 | G71: =vlookup($B$71,MAY!$A$20:$F$20,6,false) -> 0.5 | H71: =vlookup($B$71,JUN!$A$20:$F$20,6,false) -> 0.5 | I71: =vlookup($B$71,JUL!$A$20:$F$20,6,false) -> 0 | J71: =vlookup($B$71,AUG!$A$20:$F$20,6,false) -> 0.5 | K71: =vlookup($B$71,SEP!$A$20:$F$20,6,false) -> 0 | L71: =vlookup($B$71,OCT!$A$20:$F$20,6,false) -> 0 | M71: =vlookup($B$71,NOV!$A$20:$F$20,6,false) -> 0 | N71: =vlookup($B$71,DEC!$A$20:$F$20,6,false) -> 0
A72: AVERAGE: | C72: =average(C69:C71) -> 0.5 | D72: =average(D69:D71) -> 0.33333333 | E72: =average(E69:E71) -> 0.5 | F72: =average(F69:F71) -> 0.5 | G72: =average(G69:G71) -> 0.33333333 | H72: =average(H69:H71) -> 0.5 | I72: =average(I69:I71) -> 0.33333333 | J72: =average(J69:J71) -> 0.5 | ... N72: =average(N69:N71) -> 0
A74: PEARL | B74: BP | C74: JAN | D74: FEB | E74: MAR | F74: APR | G74: MAY | H74: JUN | I74: JUL | J74: AUG | K74: SEP | L74: OCT | M74: NOV | N74: DEC
B75: AB16
B76: AB19 | C76: =vlookup($B$76,JAN!$A$35:$F$35,6,false) -> 0.5
B77: BC04 | C77: =vlookup($B$77,JAN!$A$8:$F$8,6,false) -> 0.5 | D77: =vlookup($B$77,FEB!$A$8:$F$8,6,false) -> 0.5 | E77: =vlookup($B$77,MAR!$A$8:$F$8,6,false) -> 0.5 | F77: =vlookup($B$77,APR!$A$8:$F$8,6,false) -> 0.5 | G77: =vlookup($B$77,MAY!$A$8:$F$8,6,false) -> 0 | H77: =vlookup($B$77,JUN!$A$8:$F$8,6,false) -> 0.5 | I77: =vlookup($B$77,JUL!$A$8:$F$8,6,false) -> 0.5 | J77: =vlookup($B$77,MAY!$A$8:$F$8,6,false) -> 0 | K77: =vlookup($B$77,SEP!$A$8:$F$8,6,false) -> 0.5 | L77: =vlookup($B$77,OCT!$A$8:$F$8,6,false) -> 0 | M77: =vlookup($B$77,NOV!$A$8:$F$8,6,false) -> 0 | N77: =vlookup($B$77,DEC!$A$8:$F$8,6,false) -> 0
B78: BC11 | C78: =vlookup($B$78,JAN!$A$13:$F$13,6,false) -> 0.5 | D78: =vlookup($B$78,FEB!$A$13:$F$13,6,false) -> 0.5 | E78: =vlookup($B$78,MAR!$A$13:$F$13,6,false) -> 0 | F78: =vlookup($B$78,APR!$A$13:$F$13,6,false) -> 0.5 | G78: =vlookup($B$78,MAY!$A$13:$F$13,6,false) -> 0.5 | H78: =vlookup($B$78,JUN!$A$13:$F$13,6,false) -> 0.5 | I78: =vlookup($B$78,JUL!$A$13:$F$13,6,false) -> 0 | J78: =vlookup($B$78,AUG!$A$13:$F$13,6,false) -> 0 | K78: =vlookup($B$78,SEP!$A$13:$F$13,6,false) -> 0 | L78: =vlookup($B$78,OCT!$A$13:$F$13,6,false) -> 0 | M78: =vlookup($B$78,NOV!$A$13:$F$13,6,false) -> 0 | N78: =vlookup($B$78,DEC!$A$13:$F$13,6,false) -> 0
B79: BC14 | C79: =vlookup($B$79,JAN!$A$15:$F$15,6,false) -> 0 | D79: =vlookup($B$79,FEB!$A$15:$F$15,6,false) -> 0.5 | E79: =vlookup($B$79,MAR!$A$15:$F$15,6,false) -> 0.5 | F79: =vlookup($B$79,APR!$A$15:$F$15,6,false) -> 0.5 | G79: =vlookup($B$79,MAY!$A$15:$F$15,6,false) -> 0 | H79: =vlookup($B$79,JUN!$A$15:$F$15,6,false) -> 0.5 | I79: =vlookup($B$79,JUL!$A$15:$F$15,6,false) -> 0.5 | J79: =vlookup($B$79,AUG!$A$15:$F$15,6,false) -> 0.5 | K79: =vlookup($B$79,SEP!$A$15:$F$15,6,false) -> 0.5 | L79: =vlookup($B$79,OCT!$A$15:$F$15,6,false) -> 0 | M79: =vlookup($B$79,NOV!$A$15:$F$15,6,false) -> 0 | N79: =vlookup($B$79,DEC!$A$15:$F$15,6,false) -> 0
B80: BC25 | C80: =vlookup($B$69,JUL!$A$14:$F$14,6,false) -> 0.5 | D80: =vlookup($B$69,JUL!$A$14:$F$14,6,false) -> 0.5 | E80: =vlookup($B$69,JUL!$A$14:$F$14,6,false) -> 0.5 | F80: =vlookup($B$69,JUL!$A$14:$F$14,6,false) -> 0.5 | G80: =vlookup($B$69,JUL!$A$14:$F$14,6,false) -> 0.5 | H80: =vlookup($B$69,JUL!$A$14:$F$14,6,false) -> 0.5 | I80: =vlookup($B$69,JUL!$A$14:$F$14,6,false) -> 0.5 | J80: =vlookup($B$71,AUG!$A$20:$F$20,6,false) -> 0.5 | K80: =vlookup($B$71,SEP!$A$20:$F$20,6,false) -> 0 | L80: =vlookup($B$71,OCT!$A$20:$F$20,6,false) -> 0 | M80: =vlookup($B$71,NOV!$A$20:$F$20,6,false) -> 0 | N80: =vlookup($B$71,DEC!$A$20:$F$20,6,false) -> 0
A81: AVERAGE: | C81: =average(C75:C80) -> 0.4 | D81: =average(D75:D80) -> 0.5 | E81: =average(E75:E80) -> 0.375 | F81: =average(F75:F80) -> 0.5 | G81: =average(G75:G80) -> 0.25 | H81: =average(H75:H80) -> 0.5 | I81: =average(I75:I80) -> 0.375 | J81: =average(J75:J80) -> 0.25 | ... N81: =average(N75:N80) -> 0
A83: FRANCESS | B83: BP | C83: JAN | D83: FEB | E83: MAR | F83: APR | G83: MAY | H83: JUN | I83: JUL | J83: AUG | K83: SEP | L83: OCT | M83: NOV | N83: DEC
B84: BC03 | C84: =vlookup($B$84,JAN!$A$7:$F$7,6,false) -> 0.5 | D84: =vlookup($B$84,FEB!$A$7:$F$7,6,false) -> 0.5 | E84: =vlookup($B$84,MAR!$A$7:$F$7,6,false) -> 0.5 | F84: =vlookup($B$84,APR!$A$7:$F$7,6,false) -> 0.5 | G84: =vlookup($B$84,MAY!$A$7:$F$7,6,false) -> 0.5 | H84: =vlookup($B$84,JUN!$A$7:$F$7,6,false) -> 0.5 | I84: =vlookup($B$84,JUL!$A$7:$F$7,6,false) -> 0.5
A86: BEATRICE | B86: BP | C86: JAN | D86: FEB | E86: MAR | F86: APR | G86: MAY | H86: JUN | I86: JUL | J86: AUG | K86: SEP | L86: OCT | M86: NOV | N86: DEC
B87: BC00 | C87: =vlookup($B$87,JAN!$A$5:$F$5,6,false) -> 0.5 | D87: =vlookup($B$87,FEB!$A$5:$F$5,6,false) -> 0 | E87: =vlookup($B$87,MAR!$A$5:$F$5,6,false) -> 0.5 | F87: =vlookup($B$87,APR!$A$5:$F$5,6,false) -> 0.5 | G87: =vlookup($B$87,MAY!$A$5:$F$5,6,false) -> 0.5 | H87: =vlookup($B$87,JUN!$A$5:$F$5,6,false) -> 0.5 | I87: =vlookup($B$87,JUL!$A$5:$F$5,6,false) -> 0.5 | J87: =vlookup($B$87,AUG!$A$5:$F$5,6,false) -> 0.5 | K87: =vlookup($B$87,SEP!$A$5:$F$5,6,false) -> 0 | L87: =vlookup($B$87,OCT!$A$5:$F$5,6,false) -> 0 | M87: =vlookup($B$87,NOV!$A$5:$F$5,6,false) -> 0 | N87: =vlookup($B$87,DEC!$A$5:$F$5,6,false) -> 0
B88: BC01 | C88: =vlookup($B$88,JAN!$A$6:$F$6,6,false) -> 0.5 | D88: =vlookup($B$88,FEB!$A$6:$F$6,6,false) -> 0 | E88: =vlookup($B$88,MAR!$A$6:$F$6,6,false) -> 0.5 | F88: =vlookup($B$88,APR!$A$6:$F$6,6,false) -> 0.5 | G88: =vlookup($B$88,MAY!$A$6:$F$6,6,false) -> 0.5 | H88: =vlookup($B$88,JUN!$A$6:$F$6,6,false) -> 0.5 | I88: =vlookup($B$88,JUL!$A$6:$F$6,6,false) -> 0.5 | J88: =vlookup($B$88,AUG!$A$6:$F$6,6,false) -> 0.5 | K88: =vlookup($B$88,SEP!$A$6:$F$6,6,false) -> 0 | L88: =vlookup($B$88,OCT!$A$6:$F$6,6,false) -> 0 | M88: =vlookup($B$88,NOV!$A$6:$F$6,6,false) -> 0 | N88: =vlookup($B$88,DEC!$A$6:$F$6,6,false) -> 0
B89: AB16 | C89: =vlookup($B$75,JAN!$A$34:$F$34,6,false) -> 0.5 | D89: =vlookup($B$75,FEB!$A$34:$F$34,6,false) -> 0.5 | E89: =vlookup($B$75,MAR!$A$34:$F$34,6,false) -> 0.5 | F89: =vlookup($B$75,APR!$A$34:$F$34,6,false) -> 0.5 | G89: =vlookup($B$75,MAY!$A$34:$F$34,6,false) -> 0.5 | H89: =vlookup($B$75,JUN!$A$34:$F$34,6,false) -> 0.5 | I89: =vlookup($B$75,JUL!$A$34:$F$34,6,false) -> 0.5 | J89: =vlookup($B$75,AUG!$A$34:$F$34,6,false) -> 0.5 | K89: =vlookup($B$75,SEP!$A$34:$F$34,6,false) -> 0.5 | L89: =vlookup($B$75,OCT!$A$34:$F$34,6,false) -> 0 | M89: =vlookup($B$75,NOV!$A$34:$F$34,6,false) -> 0 | N89: =vlookup($B$75,DEC!$A$34:$F$34,6,false) -> 0
B90: BC09 | C90: =vlookup($B$90,JAN!$A$11:$F$11,6,false) -> 0.5 | D90: =vlookup($B$90,FEB!$A$11:$F$11,6,false) -> 0.5 | E90: =vlookup($B$90,MAR!$A$11:$F$11,6,false) -> 0.5 | F90: =vlookup($B$90,APR!$A$11:$F$11,6,false) -> 0.5 | G90: =vlookup($B$90,MAY!$A$11:$F$11,6,false) -> 0.5 | H90: =vlookup($B$90,JUN!$A$11:$F$11,6,false) -> 0.5 | I90: =vlookup($B$90,JUL!$A$11:$F$11,6,false) -> 0.5 | J90: =vlookup($B$90,AUG!$A$11:$F$11,6,false) -> 0.5 | K90: =vlookup($B$90,SEP!$A$11:$F$11,6,false) -> 0.5 | L90: =vlookup($B$90,OCT!$A$11:$F$11,6,false) -> 0 | M90: =vlookup($B$90,NOV!$A$11:$F$11,6,false) -> 0 | N90: =vlookup($B$90,DEC!$A$11:$F$11,6,false) -> 0
B91: BC28
B92: AB07 | C92: =vlookup($B$92,JAN!$A$31:$F$31,6,false) -> 0.5 | D92: =vlookup($B$92,FEB!$A$31:$F$31,6,false) -> 0.5 | E92: =vlookup($B$92,MAR!$A$31:$F$31,6,false) -> 0.5 | F92: =vlookup($B$92,APR!$A$31:$F$31,6,false) -> 0 | G92: =vlookup($B$92,MAY!$A$31:$F$31,6,false) -> 0.5 | H92: =vlookup($B$92,JUN!$A$31:$F$31,6,false) -> 0.5 | I92: =vlookup($B$92,JUL!$A$31:$F$31,6,false) -> 0 | J92: =vlookup($B$92,AUG!$A$31:$F$31,6,false) -> 0.5 | K92: =vlookup($B$92,SEP!$A$31:$F$31,6,false) -> 0.5 | L92: =vlookup($B$92,OCT!$A$31:$F$31,6,false) -> 0 | M92: =vlookup($B$92,NOV!$A$31:$F$31,6,false) -> 0 | N92: =vlookup($B$92,DEC!$A$31:$F$31,6,false) -> 0
B93: BC10 | C93: =vlookup($B$93,JAN!$A$12:$F$12,6,false) -> 0.5 | D93: =vlookup($B$93,FEB!$A$12:$F$12,6,false) -> 0.5 | E93: =vlookup($B$93,MAR!$A$12:$F$12,6,false) -> 0.5 | F93: =vlookup($B$93,APR!$A$12:$F$12,6,false) -> 0.5 | G93: =vlookup($B$93,MAY!$A$12:$F$12,6,false) -> 0.5 | H93: =vlookup($B$93,JUN!$A$12:$F$12,6,false) -> 0.5 | I93: =vlookup($B$93,JUL!$A$12:$F$12,6,false) -> 0.5 | J93: =vlookup($B$93,AUG!$A$12:$F$12,6,false) -> 0.5 | K93: =vlookup($B$93,SEP!$A$12:$F$12,6,false) -> 0.5 | L93: =vlookup($B$93,OCT!$A$12:$F$12,6,false) -> 0 | M93: =vlookup($B$93,NOV!$A$12:$F$12,6,false) -> 0 | N93: =vlookup($B$93,DEC!$A$12:$F$12,6,false) -> 0
B94: BC19 | C94: =vlookup($B$103,JAN!$A$18:$F$18,6,false) -> 0.5 | D94: =vlookup($B$103,FEB!$A$18:$F$18,6,false) -> 0.5 | E94: =vlookup($B$103,MAR!$A$18:$F$18,6,false) -> 0.5 | F94: =vlookup($B$103,APR!$A$18:$F$18,6,false) -> 0.5 | G94: =vlookup($B$103,MAY!$A$18:$F$18,6,false) -> 0.5 | H94: =vlookup($B$103,JUN!$A$18:$F$18,6,false) -> 0 | I94: =vlookup($B$103,JUL!$A$18:$F$18,6,false) -> 0.5 | J94: =vlookup($B$103,AUG!$A$18:$F$18,6,false) -> 0.5 | K94: =vlookup($B$103,SEP!$A$18:$F$18,6,false) -> 0 | L94: =vlookup($B$103,OCT!$A$18:$F$18,6,false) -> 0 | M94: =vlookup($B$103,NOV!$A$18:$F$18,6,false) -> 0 | N94: =vlookup($B$103,DEC!$A$18:$F$18,6,false) -> 0
B95: AB04 | C95: =vlookup($B$112,JAN!$A$30:$F$30,6,false) -> 0.5 | D95: =vlookup($B$112,FEB!$A$30:$F$30,6,false) -> 0.5 | E95: =vlookup($B$112,MAR!$A$30:$F$30,6,false) -> 0.5 | F95: =vlookup($B$112,APR!$A$30:$F$30,6,false) -> 0.5 | G95: =vlookup($B$112,MAY!$A$30:$F$30,6,false) -> 0.5 | H95: =vlookup($B$112,JUN!$A$30:$F$30,6,false) -> 0.5 | I95: =vlookup($B$112,JUL!$A$30:$F$30,6,false) -> 0.5 | J95: =vlookup($B$112,AUG!$A$30:$F$30,6,false) -> 0.5 | K95: =vlookup($B$112,SEP!$A$30:$F$30,6,false) -> 0.5 | L95: =vlookup($B$112,OCT!$A$30:$F$30,6,false) -> 0 | M95: =vlookup($B$112,NOV!$A$30:$F$30,6,false) -> 0 | N95: =vlookup($B$112,DEC!$A$30:$F$30,6,false) -> 0
A96: AVERAGE: | C96: =average(C87:C94) -> 0.5 | D96: =average(D87:D94) -> 0.35714286 | E96: =average(E87:E94) -> 0.5 | F96: =average(F87:F94) -> 0.42857143 | G96: =average(G87:G94) -> 0.5 | H96: =average(H87:H94) -> 0.42857143 | I96: =average(I87:I94) -> 0.42857143 | J96: =average(J87:J95) -> 0.5 | K96: =average(K87:K95) -> 0.3125 | L96: =average(L87:L95) -> 0 | M96: =average(M87:M95) -> 0 | N96: =average(N87:N95) -> 0
B98: BP | C98: JAN | D98: FEB | E98: MAR | F98: APR | G98: MAY | H98: JUN | I98: JUL | J98: AUG | K98: SEP | L98: OCT | M98: NOV | N98: DEC
B99: AB19 | C99: =vlookup($B$99,JAN!$A$35:$F$35,6,false) -> 0.5 | D99: =vlookup($B$99,FEB!$A$35:$F$35,6,false) -> 0 | E99: =vlookup($B$99,MAR!$A$35:$F$35,6,false) -> 0.5 | F99: =vlookup($B$99,APR!$A$35:$F$35,6,false) -> 0.5 | G99: =vlookup($B$99,MAY!$A$35:$F$35,6,false) -> 0.5 | H99: =vlookup($B$99,JUN!$A$35:$F$35,6,false) -> 0 | I99: =vlookup($B$99,JUL!$A$35:$F$35,6,false) -> 0 | J99: =vlookup($B$99,AUG!$A$35:$F$35,6,false) -> 0.5 | K99: =vlookup($B$99,SEP!$A$35:$F$35,6,false) -> 0 | L99: =vlookup($B$99,OCT!$A$35:$F$35,6,false) -> 0 | M99: =vlookup($B$99,NOV!$A$35:$F$35,6,false) -> 0 | N99: =vlookup($B$99,DEC!$A$35:$F$35,6,false) -> 0
A100: JULIENE | B100: AB28 | C100: =vlookup($B$100,JAN!$A$39:$F$39,6,false) -> 0 | D100: =vlookup($B$100,FEB!$A$39:$F$39,6,false) -> 0 | E100: =vlookup($B$100,MAR!$A$39:$F$39,6,false) -> 0 | F100: =vlookup($B$100,APR!$A$39:$F$39,6,false) -> 0 | G100: =vlookup($B$100,MAY!$A$39:$F$39,6,false) -> 0 | H100: =vlookup($B$100,JUN!$A$39:$F$39,6,false) -> 0 | I100: =vlookup($B$100,JUL!$A$39:$F$39,6,false) -> 0 | J100: =vlookup($B$100,AUG!$A$39:$F$39,6,false) -> 0 | K100: =vlookup($B$100,SEP!$A$39:$F$39,6,false) -> 0 | L100: =vlookup($B$100,OCT!$A$39:$F$39,6,false) -> 0 | M100: =vlookup($B$100,NOV!$A$39:$F$39,6,false) -> 0 | N100: =vlookup($B$100,DEC!$A$39:$F$39,6,false) -> 0
B101: BC03 | C101: =vlookup($B$101,JAN!$A$7:$F$7,6,false) -> 0.5 | D101: =vlookup($B$101,FEB!$A$7:$F$7,6,false) -> 0.5 | E101: =vlookup($B$101,MAR!$A$7:$F$7,6,false) -> 0.5 | F101: =vlookup($B$101,APR!$A$7:$F$7,6,false) -> 0.5 | G101: =vlookup($B$101,MAY!$A$7:$F$7,6,false) -> 0.5 | H101: =vlookup($B$101,JUN!$A$7:$F$7,6,false) -> 0.5 | I101: =vlookup($B$101,JUL!$A$7:$F$7,6,false) -> 0.5 | J101: =vlookup($B$101,AUG!$A$7:$F$7,6,false) -> 0.5 | K101: =vlookup($B$101,SEP!$A$7:$F$7,6,false) -> 0.5 | L101: =vlookup($B$101,OCT!$A$7:$F$7,6,false) -> 0 | M101: =vlookup($B$101,NOV!$A$7:$F$7,6,false) -> 0 | N101: =vlookup($B$101,DEC!$A$7:$F$7,6,false) -> 0
B102: BC07 | C102: =vlookup($B$102,JAN!$A$10:$F$10,6,false) -> 0.5 | D102: =vlookup($B$102,FEB!$A$10:$F$10,6,false) -> 0.5 | E102: =vlookup($B$102,MAR!$A$10:$F$10,6,false) -> 0.5 | F102: =vlookup($B$102,APR!$A$10:$F$10,6,false) -> 0.5 | G102: =vlookup($B$102,MAY!$A$10:$F$10,6,false) -> 0.5 | H102: =vlookup($B$102,JUN!$A$10:$F$10,6,false) -> 0.5 | I102: =vlookup($B$102,JUL!$A$10:$F$10,6,false) -> 0.5 | J102: =vlookup($B$102,AUG!$A$10:$F$10,6,false) -> 0.5 | K102: =vlookup($B$102,SEP!$A$10:$F$10,6,false) -> 0 | L102: =vlookup($B$102,OCT!$A$10:$F$10,6,false) -> 0 | M102: =vlookup($B$102,NOV!$A$10:$F$10,6,false) -> 0 | N102: =vlookup($B$102,DEC!$A$10:$F$10,6,false) -> 0
B103: BC19 | C103: =vlookup($B$103,JAN!$A$18:$F$18,6,false) -> 0.5 | D103: =vlookup($B$103,FEB!$A$18:$F$18,6,false) -> 0.5 | E103: =vlookup($B$103,MAR!$A$18:$F$18,6,false) -> 0.5 | F103: =vlookup($B$103,APR!$A$18:$F$18,6,false) -> 0.5 | G103: =vlookup($B$103,MAY!$A$18:$F$18,6,false) -> 0.5 | H103: =vlookup($B$103,JUN!$A$18:$F$18,6,false) -> 0 | I103: =vlookup($B$103,JUL!$A$18:$F$18,6,false) -> 0.5 | J103: =vlookup($B$103,AUG!$A$18:$F$18,6,false) -> 0.5 | K103: =vlookup($B$103,SEP!$A$18:$F$18,6,false) -> 0 | L103: =vlookup($B$103,OCT!$A$18:$F$18,6,false) -> 0 | M103: =vlookup($B$103,NOV!$A$18:$F$18,6,false) -> 0 | N103: =vlookup($B$103,DEC!$A$18:$F$18,6,false) -> 0
A104: AVERAGE: | C104: =average(C99:C103) -> 0.4 | D104: =average(D99:D103) -> 0.3 | E104: =average(E99:E103) -> 0.4 | F104: =average(F99:F103) -> 0.4 | G104: =average(G99:G103) -> 0.4 | H104: =average(H99:H103) -> 0.2 | I104: =average(I99:I103) -> 0.3 | J104: =average(J99:J103) -> 0.4 | ... N104: =average(N99:N103) -> 0
A106: CLARIZE | B106: BP | C106: JAN | D106: FEB | E106: MAR | F106: APR | G106: MAY | H106: JUN | I106: JUL | J106: AUG | K106: SEP | L106: OCT | M106: NOV | N106: DEC
B107: AB22 | C107: =vlookup($B$69,JUL!$A$14:$F$14,6,false) -> 0.5 | D107: =vlookup($B$69,JUL!$A$14:$F$14,6,false) -> 0.5 | E107: =vlookup($B$69,JUL!$A$14:$F$14,6,false) -> 0.5 | F107: =vlookup($B$69,JUL!$A$14:$F$14,6,false) -> 0.5 | G107: =vlookup($B$69,JUL!$A$14:$F$14,6,false) -> 0.5 | H107: =vlookup($B$69,JUL!$A$14:$F$14,6,false) -> 0.5 | I107: =vlookup($B$69,JUL!$A$14:$F$14,6,false) -> 0.5 | J107: =vlookup($B$71,AUG!$A$20:$F$20,6,false) -> 0.5 | K107: =vlookup($B$69,SEP!$A$14:$F$14,6,false) -> 0.5 | L107: =vlookup($B$69,OCT!$A$14:$F$14,6,false) -> 0 | M107: =vlookup($B$69,NOV!$A$14:$F$14,6,false) -> 0 | N107: =vlookup($B$69,DEC!$A$14:$F$14,6,false) -> 0
B108: BC25 | C108: =vlookup($B$69,JUL!$A$14:$F$14,6,false) -> 0.5 | D108: =vlookup($B$69,JUL!$A$14:$F$14,6,false) -> 0.5 | E108: =vlookup($B$69,JUL!$A$14:$F$14,6,false) -> 0.5 | F108: =vlookup($B$69,JUL!$A$14:$F$14,6,false) -> 0.5 | G108: =vlookup($B$69,JUL!$A$14:$F$14,6,false) -> 0.5 | H108: =vlookup($B$69,JUL!$A$14:$F$14,6,false) -> 0.5 | I108: =vlookup($B$69,JUL!$A$14:$F$14,6,false) -> 0.5 | J108: =vlookup($B$71,AUG!$A$20:$F$20,6,false) -> 0.5 | K108: =vlookup($B$71,SEP!$A$20:$F$20,6,false) -> 0 | L108: =vlookup($B$71,OCT!$A$20:$F$20,6,false) -> 0 | M108: =vlookup($B$71,NOV!$A$20:$F$20,6,false) -> 0 | N108: =vlookup($B$71,DEC!$A$20:$F$20,6,false) -> 0
A109: AVERAGE: | C109: =average(C107:C108) -> 0.5 | D109: =average(D107:D108) -> 0.5 | E109: =average(E107:E108) -> 0.5 | F109: =average(F107:F108) -> 0.5 | G109: =average(G107:G108) -> 0.5 | H109: =average(H107:H108) -> 0.5 | I109: =average(I107:I108) -> 0.5 | J109: =average(J107:J108) -> 0.5 | ... N109: =average(N107:N108) -> 0
B111: BP | C111: JAN | D111: FEB | E111: MAR | F111: APR | G111: MAY | H111: JUN | I111: JUL | J111: AUG | K111: SEP | L111: OCT | M111: NOV | N111: DEC
B112: AB04 | C112: =vlookup($B$112,JAN!$A$30:$F$30,6,false) -> 0.5 | D112: =vlookup($B$112,FEB!$A$30:$F$30,6,false) -> 0.5 | E112: =vlookup($B$112,MAR!$A$30:$F$30,6,false) -> 0.5 | F112: =vlookup($B$112,APR!$A$30:$F$30,6,false) -> 0.5 | G112: =vlookup($B$112,MAY!$A$30:$F$30,6,false) -> 0.5 | H112: =vlookup($B$112,JUN!$A$30:$F$30,6,false) -> 0.5 | I112: =vlookup($B$112,JUL!$A$30:$F$30,6,false) -> 0.5 | J112: =vlookup($B$112,AUG!$A$30:$F$30,6,false) -> 0.5 | K112: =vlookup($B$112,SEP!$A$30:$F$30,6,false) -> 0.5 | L112: =vlookup($B$112,OCT!$A$30:$F$30,6,false) -> 0 | M112: =vlookup($B$112,NOV!$A$30:$F$30,6,false) -> 0 | N112: =vlookup($B$112,DEC!$A$30:$F$30,6,false) -> 0
A113: ROSHIEL | B113: AB10 | C113: =vlookup($B$113,JAN!$A$32:$F$32,6,false) -> 0.5 | D113: =vlookup($B$113,FEB!$A$32:$F$32,6,false) -> 0.5 | E113: =vlookup($B$113,MAR!$A$32:$F$32,6,false) -> 0.5 | F113: =vlookup($B$113,APR!$A$32:$F$32,6,false) -> 0.5 | G113: =vlookup($B$113,MAY!$A$32:$F$32,6,false) -> 0.5 | H113: =vlookup($B$113,JUN!$A$32:$F$32,6,false) -> 0.5 | I113: =vlookup($B$113,JUL!$A$32:$F$32,6,false) -> 0.5 | J113: =vlookup($B$113,AUG!$A$32:$F$32,6,false) -> 0 | K113: =vlookup($B$113,SEP!$A$32:$F$32,6,false) -> 0.5 | L113: =vlookup($B$113,OCT!$A$32:$F$32,6,false) -> 0 | M113: =vlookup($B$113,NOV!$A$32:$F$32,6,false) -> 0 | N113: =vlookup($B$113,DEC!$A$32:$F$32,6,false) -> 0
B114: BC05 | C114: =vlookup($B$114,JAN!$A$9:$F$9,6,false) -> 0.5 | D114: =vlookup($B$114,FEB!$A$9:$F$9,6,false) -> 0.5 | E114: =vlookup($B$114,MAR!$A$9:$F$9,6,false) -> 0.5 | F114: =vlookup($B$114,APR!$A$9:$F$9,6,false) -> 0.5 | G114: =vlookup($B$114,MAY!$A$9:$F$9,6,false) -> 0.5 | H114: =vlookup($B$114,JUN!$A$9:$F$9,6,false) -> 0.5 | I114: =vlookup($B$114,JUL!$A$9:$F$9,6,false) -> 0.5 | J114: =vlookup($B$114,AUG!$A$9:$F$9,6,false) -> 0.5 | K114: =vlookup($B$114,SEP!$A$9:$F$9,6,false) -> 0 | L114: =vlookup($B$114,OCT!$A$9:$F$9,6,false) -> 0 | M114: =vlookup($B$114,NOV!$A$9:$F$9,6,false) -> 0 | N114: =vlookup($B$114,DEC!$A$9:$F$9,6,false) -> 0
...

Sheet 5 days
B1: March | G1: April
B2: SOI Days | E2: CC Days | G2: SOI Days | J2: CC Days
A3: Update days | B3: Update days | C3: Report Date | D3: Max 5 | G3: Update days | H3: Report Date | I3: Max 5
A4: 2 | B4: 44257 | C4: =B4+1 -> 44258 | D4: =C4+5 -> 44263 | E4: 44256 | F4: 44272 | G4: 44288 | H4: 44291 | I4: 44295 | J4: 44287 | K4: 44302
A5: 4 | B5: 44259 | C5: =B5+1 -> 44260 | D5: 44264 | E5: 44257 | F5: 44273 | G5: 44290 | H5: =G5+1 -> 44291 | I5: 44295 | J5: 44288 | K5: 44307
A6: 7 | B6: 44262 | C6: =B6+1 -> 44263 | D6: 44270 | E6: 44258 | F6: 44274 | G6: 44293 | H6: =G6+1 -> 44294 | I6: =H6+5 -> 44299 | J6: 44291 | K6: 44308
A7: 10 | B7: 44265 | C7: =B7+1 -> 44266 | D7: =C7+5 -> 44271 | E7: 44259 | F7: 44278 | G7: 44296 | H7: 44298 | I7: 44305 | J7: 44292 | K7: 44309
A8: 12 | B8: 44267 | C8: 44270 | D8: 44277 | E8: 44260 | F8: 44279 | G8: 44298 | H8: =G8+1 -> 44299 | I8: 44305 | J8: 44293 | K8: 44313
A9: 14 | B9: 44269 | C9: =B9+1 -> 44270 | D9: 44277 | E9: 44265 | F9: 44280 | G9: 44300 | H9: =G9+1 -> 44301 | I9: =H9+5 -> 44306 | J9: 44294 | K9: 44314
A10: 17 | B10: 44272 | C10: =B10+1 -> 44273 | D10: 44277 | E10: 44266 | F10: 44281 | G10: 44303 | H10: 44305 | I10: 44312 | J10: 44298 | K10: 44315
A11: 20 | B11: 44275 | C11: 44277 | D11: 44284 | E11: 44267 | F11: 44285 | G11: 44306 | H11: =G11+1 -> 44307 | I11: =H11+5 -> 44312 | J11: 44300 | K11: 44316
A12: 23 | B12: 44278 | C12: =B12+1 -> 44279 | D12: =C12+5 -> 44284 | G12: 44309 | H12: 44312 | I12: 44319 | J12: 44301
A13: 25 | B13: 44280 | C13: =B13+1 -> 44281 | D13: =C13+5 -> 44286 | G13: 44311 | H13: =G13+1 -> 44312 | I13: 44319
A14: 28 | B14: 44283 | C14: =B14+1 -> 44284 | D14: 44291 | G14: 44314 | H14: =G14+1 -> 44315 | I14: =H14+5 -> 44320
